date,areaName,areaCode,newCasesBySpecimenDate,cumCasesBySpecimenDate,cumDeaths28DaysByPublishDate
2021-05-14,England,E92000001,,,112297
2021-05-13,England,E92000001,757,3884402,112282
2021-05-12,England,E92000001,1630,3883645,112274
2021-05-11,England,E92000001,1793,3882015,112263
2021-05-10,England,E92000001,2361,3880222,112245
2021-05-09,England,E92000001,2019,3877861,112245
2021-05-08,England,E92000001,1259,3875842,112243
2021-05-07,England,E92000001,1617,3874583,112238
2021-05-06,England,E92000001,1943,3872966,112225
2021-05-05,England,E92000001,2172,3871023,112213
2021-05-04,England,E92000001,2240,3868851,112186
2021-05-03,England,E92000001,1886,3866611,112183
2021-05-02,England,E92000001,1312,3864725,112182
2021-05-01,England,E92000001,1180,3863413,112169
2021-04-30,England,E92000001,1465,3862233,112163
2021-04-29,England,E92000001,1887,3860768,112149
2021-04-28,England,E92000001,2180,3858881,112134
2021-04-27,England,E92000001,1824,3856701,112107
2021-04-26,England,E92000001,2329,3854877,112091
2021-04-25,England,E92000001,1930,3852548,112088
2021-04-24,England,E92000001,1264,3850618,112081
2021-04-23,England,E92000001,1671,3849354,112054
2021-04-22,England,E92000001,2012,3847683,112016
2021-04-21,England,E92000001,2280,3845671,112005
2021-04-20,England,E92000001,2046,3843391,111985
2021-04-19,England,E92000001,2377,3841345,111957
2021-04-18,England,E92000001,2318,3838968,111955
2021-04-17,England,E92000001,1361,3836650,111948
2021-04-16,England,E92000001,1892,3835289,111917
2021-04-15,England,E92000001,1929,3833397,111887
2021-04-14,England,E92000001,2036,3831468,111862
2021-04-13,England,E92000001,2020,3829432,111828
2021-04-12,England,E92000001,2407,3827412,111810
2021-04-11,England,E92000001,2014,3825005,111797
2021-04-10,England,E92000001,1938,3822991,111794
2021-04-09,England,E92000001,2384,3821053,111761
2021-04-08,England,E92000001,2549,3818669,111710
2021-04-07,England,E92000001,2633,3816120,111666
2021-04-06,England,E92000001,2590,3813487,111626
2021-04-05,England,E92000001,2200,3810897,111611
2021-04-04,England,E92000001,1930,3808697,111595
2021-04-03,England,E92000001,2012,3806767,111585
2021-04-02,England,E92000001,2129,3804755,111577
2021-04-01,England,E92000001,2866,3802626,111530
2021-03-31,England,E92000001,3135,3799760,111489
2021-03-30,England,E92000001,2952,3796625,111453
2021-03-29,England,E92000001,3202,3793673,111414
2021-03-28,England,E92000001,4089,3790471,111392
2021-03-27,England,E92000001,2940,3786382,111375
2021-03-26,England,E92000001,3617,3783442,111332
2021-03-25,England,E92000001,4443,3779825,111271
2021-03-24,England,E92000001,5108,3775382,111222
2021-03-23,England,E92000001,4337,3770274,111130
2021-03-22,England,E92000001,5138,3765937,111027
2021-03-21,England,E92000001,4517,3760799,111011
2021-03-20,England,E92000001,3365,3756282,110985
2021-03-19,England,E92000001,4134,3752917,110903
2021-03-18,England,E92000001,4523,3748783,110822
2021-03-17,England,E92000001,4851,3744260,110739
2021-03-16,England,E92000001,4741,3739409,110618
2021-03-15,England,E92000001,5439,3734668,110517
2021-03-14,England,E92000001,3581,3729229,110456
2021-03-13,England,E92000001,3449,3725648,110416
2021-03-12,England,E92000001,4611,3722199,110310
2021-03-11,England,E92000001,4685,3717588,110165
2021-03-10,England,E92000001,5003,3712903,110027
2021-03-09,England,E92000001,5212,3707900,109871
2021-03-08,England,E92000001,5565,3702688,109664
2021-03-07,England,E92000001,3529,3697123,109602
2021-03-06,England,E92000001,3697,3693594,109541
2021-03-05,England,E92000001,4553,3689897,109406
2021-03-04,England,E92000001,4789,3685344,109195
2021-03-03,England,E92000001,5094,3680555,108993
2021-03-02,England,E92000001,5679,3675461,108729
2021-03-01,England,E92000001,5891,3669782,108422
2021-02-28,England,E92000001,3952,3663891,108323
2021-02-27,England,E92000001,4104,3659939,108208
2021-02-26,England,E92000001,5664,3655835,107954
2021-02-25,England,E92000001,6613,3650171,107654
2021-02-24,England,E92000001,7290,3643558,107388
2021-02-23,England,E92000001,8142,3636268,107008
2021-02-22,England,E92000001,9853,3628126,106525
2021-02-21,England,E92000001,6797,3618273,106360
2021-02-20,England,E92000001,6887,3611476,106170
2021-02-19,England,E92000001,8881,3604589,105773
2021-02-18,England,E92000001,9903,3595708,105292
2021-02-17,England,E92000001,10024,3585805,104915
2021-02-16,England,E92000001,10814,3575781,104277
2021-02-15,England,E92000001,12464,3564967,103544
2021-02-14,England,E92000001,7533,3552503,103334
2021-02-13,England,E92000001,7739,3544970,103106
2021-02-12,England,E92000001,10563,3537231,102562
2021-02-11,England,E92000001,11227,3526668,101905
2021-02-10,England,E92000001,11840,3515441,101311
2021-02-09,England,E92000001,12243,3503601,100385
2021-02-08,England,E92000001,13843,3491358,99411
2021-02-07,England,E92000001,10135,3477515,99107
2021-02-06,England,E92000001,10582,3467380,98778
2021-02-05,England,E92000001,13972,3456798,98054
2021-02-04,England,E92000001,16154,3442826,97162
2021-02-03,England,E92000001,17411,3426672,96345
2021-02-02,England,E92000001,17656,3409261,95172
2021-02-01,England,E92000001,20109,3391605,93816
2021-01-31,England,E92000001,13708,3371496,93448
2021-01-30,England,E92000001,14998,3357788,92920
2021-01-29,England,E92000001,19685,3342790,91822
2021-01-28,England,E92000001,21843,3323105,90698
2021-01-27,England,E92000001,23238,3301262,89610
2021-01-26,England,E92000001,24437,3278024,88042
2021-01-25,England,E92000001,27107,3253587,86522
2021-01-24,England,E92000001,15455,3226480,85974
2021-01-23,England,E92000001,19875,3211025,85423
2021-01-22,England,E92000001,26907,3191150,84190
2021-01-21,England,E92000001,28756,3164243,82939
2021-01-20,England,E92000001,31757,3135487,81805
2021-01-19,England,E92000001,35970,3103730,80143
2021-01-18,England,E92000001,40721,3067760,78636
2021-01-17,England,E92000001,26208,3027039,78076
2021-01-16,England,E92000001,27654,3000831,77478
2021-01-15,England,E92000001,36791,2973177,76338
2021-01-14,England,E92000001,38518,2936386,75199
2021-01-13,England,E92000001,41150,2897868,74085
2021-01-12,England,E92000001,44674,2856718,72685
2021-01-11,England,E92000001,51999,2812044,71534
2021-01-10,England,E92000001,32854,2760045,71039
2021-01-09,England,E92000001,35441,2727191,70541
2021-01-08,England,E92000001,42336,2691750,69670
2021-01-07,England,E92000001,46827,2649414,68514
2021-01-06,England,E92000001,51312,2602587,67510
2021-01-05,England,E92000001,58031,2551275,66626
2021-01-04,England,E92000001,69105,2493244,65842
2021-01-03,England,E92000001,49507,2424139,65472
2021-01-02,England,E92000001,54154,2374632,65080
2021-01-01,England,E92000001,28219,2320478,64731
2020-12-31,England,E92000001,46686,2292259,64118
2020-12-30,England,E92000001,62895,2245573,63298
2020-12-29,England,E92000001,72510,2182678,62379
2020-12-28,England,E92000001,40037,2110168,62019
2020-12-27,England,E92000001,42441,2070131,61697
2020-12-26,England,E92000001,36700,2027690,61451
2020-12-25,England,E92000001,12674,1990990,61276
2020-12-24,England,E92000001,28701,1978316,60706
2020-12-23,England,E92000001,37620,1949615,60238
2020-12-22,England,E92000001,40901,1911995,59613
2020-12-21,England,E92000001,42589,1871094,59005
2020-12-20,England,E92000001,28939,1828505,58807
2020-12-19,England,E92000001,21733,1799566,58566
2020-12-18,England,E92000001,31827,1777833,58125
2020-12-17,England,E92000001,29597,1746006,57722
2020-12-16,England,E92000001,30127,1716409,57284
2020-12-15,England,E92000001,29100,1686282,56747
2020-12-14,England,E92000001,29522,1657182,56280
2020-12-13,England,E92000001,18127,1627660,56086
2020-12-12,England,E92000001,16032,1609533,55948
2020-12-11,England,E92000001,19872,1593501,55508
2020-12-10,England,E92000001,18543,1573629,55155
2020-12-09,England,E92000001,17459,1555086,54736
2020-12-08,England,E92000001,16675,1537627,54285
2020-12-07,England,E92000001,17394,1520952,53747
2020-12-06,England,E92000001,10870,1503558,53570
2020-12-05,England,E92000001,10143,1492688,53369
2020-12-04,England,E92000001,12875,1482545,53025
2020-12-03,England,E92000001,12531,1469670,52601
2020-12-02,England,E92000001,13468,1457139,52273
2020-12-01,England,E92000001,13516,1443671,51718
2020-11-30,England,E92000001,15028,1430155,51187
2020-11-29,England,E92000001,8908,1415127,50998
2020-11-28,England,E92000001,9208,1406219,50804
2020-11-27,England,E92000001,12267,1397011,50407
2020-11-26,England,E92000001,12281,1384744,49956
2020-11-25,England,E92000001,13936,1372463,49545
2020-11-24,England,E92000001,14024,1358527,48941
2020-11-23,England,E92000001,16212,1344503,48406
2020-11-22,England,E92000001,10040,1328291,48212
2020-11-21,England,E92000001,10618,1318251,47842
2020-11-20,England,E92000001,14679,1307633,47576
2020-11-19,England,E92000001,15507,1292954,47140
2020-11-18,England,E92000001,18218,1277447,46724
2020-11-17,England,E92000001,20331,1259229,46301
2020-11-16,England,E92000001,23723,1238898,45783
2020-11-15,England,E92000001,14219,1215175,45592
2020-11-14,England,E92000001,16040,1200956,45449
2020-11-13,England,E92000001,21643,1184916,45053
2020-11-12,England,E92000001,21948,1163273,44773
2020-11-11,England,E92000001,24643,1141325,44304
2020-11-10,England,E92000001,24458,1116682,43826
2020-11-09,England,E92000001,28090,1092224,43366
2020-11-08,England,E92000001,17964,1064134,43191
2020-11-07,England,E92000001,16620,1046170,43064
2020-11-06,England,E92000001,20824,1029550,42736
2020-11-05,England,E92000001,20872,1008726,42433
2020-11-04,England,E92000001,20692,987854,42136
2020-11-03,England,E92000001,22314,967162,41748
2020-11-02,England,E92000001,27923,944848,41389
2020-11-01,England,E92000001,13370,916925,41264
2020-10-31,England,E92000001,14346,903555,41132
2020-10-30,England,E92000001,19647,889209,40854
2020-10-29,England,E92000001,19984,869562,40628
2020-10-28,England,E92000001,20232,849578,40414
2020-10-27,England,E92000001,20488,829346,40178
2020-10-26,England,E92000001,22758,808858,39856
2020-10-25,England,E92000001,13161,786100,39766
2020-10-24,England,E92000001,13518,772939,39629
2020-10-23,England,E92000001,18110,759421,39488
2020-10-22,England,E92000001,19608,741311,39300
2020-10-21,England,E92000001,21488,721703,39140
2020-10-20,England,E92000001,21337,700215,38996
2020-10-19,England,E92000001,22098,678878,38783
2020-10-18,England,E92000001,11857,656780,38711
2020-10-17,England,E92000001,12353,644923,38652
2020-10-16,England,E92000001,14545,632570,38524
2020-10-15,England,E92000001,15246,618025,38404
2020-10-14,England,E92000001,16444,602779,38293
2020-10-13,England,E92000001,15439,586335,38185
2020-10-12,England,E92000001,16193,570896,38061
2020-10-11,England,E92000001,9650,554703,38018
2020-10-10,England,E92000001,10154,545053,37956
2020-10-09,England,E92000001,13009,534899,37902
2020-10-08,England,E92000001,15266,521890,37823
2020-10-07,England,E92000001,15193,506624,37753
2020-10-06,England,E92000001,14294,491431,37688
2020-10-05,England,E92000001,14035,477137,37625
2020-10-04,England,E92000001,9832,463102,37606
2020-10-03,England,E92000001,9702,453270,37574
2020-10-02,England,E92000001,11579,443568,37535
2020-10-01,England,E92000001,11302,431989,37477
2020-09-30,England,E92000001,10521,420687,37429
2020-09-29,England,E92000001,8725,410166,37367
2020-09-28,England,E92000001,8581,401441,37299
2020-09-27,England,E92000001,6023,392860,37286
2020-09-26,England,E92000001,5654,386837,37270
2020-09-25,England,E92000001,6035,381183,37240
2020-09-24,England,E92000001,6293,375148,37209
2020-09-23,England,E92000001,5886,368855,37172
2020-09-22,England,E92000001,5358,362969,37139
2020-09-21,England,E92000001,4696,357611,37103
2020-09-20,England,E92000001,4623,352915,37094
2020-09-19,England,E92000001,4177,348292,37076
2020-09-18,England,E92000001,4273,344115,37054
2020-09-17,England,E92000001,3931,339842,37031
2020-09-16,England,E92000001,3743,335911,37013
2020-09-15,England,E92000001,3040,332168,36996
2020-09-14,England,E92000001,2897,329128,36971
2020-09-13,England,E92000001,1708,326231,36964
2020-09-12,England,E92000001,2209,324523,36959
2020-09-11,England,E92000001,2856,322314,36950
2020-09-10,England,E92000001,3097,319458,36944
2020-09-09,England,E92000001,2850,316361,36931
2020-09-08,England,E92000001,3001,313511,36923
2020-09-07,England,E92000001,3463,310510,36896
2020-09-06,England,E92000001,2058,307047,36894
2020-09-05,England,E92000001,2188,304989,36892
2020-09-04,England,E92000001,2592,302801,36881
2020-09-03,England,E92000001,2665,300209,36872
2020-09-02,England,E92000001,2617,297544,36861
2020-09-01,England,E92000001,1929,294927,36854
2020-08-31,England,E92000001,1260,292998,36852
2020-08-30,England,E92000001,977,291738,36850
2020-08-29,England,E92000001,1040,290761,36849
2020-08-28,England,E92000001,1384,289721,36837
2020-08-27,England,E92000001,1325,288337,36828
2020-08-26,England,E92000001,1137,287012,36818
2020-08-25,England,E92000001,1061,285875,36805
2020-08-24,England,E92000001,1131,284814,36789
2020-08-23,England,E92000001,696,283683,36786
2020-08-22,England,E92000001,714,282987,36782
2020-08-21,England,E92000001,1006,282273,36765
2020-08-20,England,E92000001,1219,281267,36763
2020-08-19,England,E92000001,1071,280048,36757
2020-08-18,England,E92000001,925,278977,36742
2020-08-17,England,E92000001,1137,278052,36731
2020-08-16,England,E92000001,530,276915,36728
2020-08-15,England,E92000001,642,276385,36725
2020-08-14,England,E92000001,1038,275743,36723
2020-08-13,England,E92000001,1021,274705,36713
2020-08-12,England,E92000001,1095,273684,36695
2020-08-11,England,E92000001,1213,272589,36680
2020-08-10,England,E92000001,1348,271376,36669
2020-08-09,England,E92000001,557,270028,36652
2020-08-08,England,E92000001,636,269471,36647
2020-08-07,England,E92000001,865,268835,36645
2020-08-06,England,E92000001,979,267970,36640
2020-08-05,England,E92000001,939,266991,36625
2020-08-04,England,E92000001,921,266052,36613
2020-08-03,England,E92000001,938,265131,36596
2020-08-02,England,E92000001,512,264193,36595
2020-08-01,England,E92000001,494,263681,36593
2020-07-31,England,E92000001,626,263187,36582
2020-07-30,England,E92000001,857,262561,36568
2020-07-29,England,E92000001,971,261704,36568
2020-07-28,England,E92000001,780,260733,36539
2020-07-27,England,E92000001,809,259953,36518
2020-07-26,England,E92000001,515,259144,36515
2020-07-25,England,E92000001,492,258629,36508
2020-07-24,England,E92000001,717,258137,36493
2020-07-23,England,E92000001,732,257420,36461
2020-07-22,England,E92000001,749,256688,36452
2020-07-21,England,E92000001,689,255939,36436
2020-07-20,England,E92000001,753,255250,36411
2020-07-19,England,E92000001,413,254497,36401
2020-07-18,England,E92000001,468,254084,36391
2020-07-17,England,E92000001,547,253616,36382
2020-07-16,England,E92000001,640,253069,36357
2020-07-15,England,E92000001,724,252429,36334
2020-07-14,England,E92000001,650,251705,36310
2020-07-13,England,E92000001,689,251055,36268
2020-07-12,England,E92000001,352,250366,36260
2020-07-11,England,E92000001,420,250014,36251
2020-07-10,England,E92000001,525,249594,36235
2020-07-09,England,E92000001,681,249069,36201
2020-07-08,England,E92000001,674,248388,36172
2020-07-07,England,E92000001,559,247714,36120
2020-07-06,England,E92000001,659,247155,36070
2020-07-05,England,E92000001,540,246496,36059
2020-07-04,England,E92000001,387,245956,36041
2020-07-03,England,E92000001,543,245569,36014
2020-07-02,England,E92000001,565,245026,35969
2020-07-01,England,E92000001,614,244461,35938
2020-06-30,England,E92000001,573,243847,35848
2020-06-29,England,E92000001,667,243274,35801
2020-06-28,England,E92000001,412,242607,35784
2020-06-27,England,E92000001,504,242195,35756
2020-06-26,England,E92000001,642,241691,35722
2020-06-25,England,E92000001,637,241049,35646
2020-06-24,England,E92000001,728,240412,35555
2020-06-23,England,E92000001,729,239684,35481
2020-06-22,England,E92000001,816,238955,35397
2020-06-21,England,E92000001,550,238139,35384
2020-06-20,England,E92000001,629,237589,35354
2020-06-19,England,E92000001,816,236960,35287
2020-06-18,England,E92000001,943,236144,35214
2020-06-17,England,E92000001,909,235201,35154
2020-06-16,England,E92000001,993,234292,35064
2020-06-15,England,E92000001,938,233299,34958
2020-06-14,England,E92000001,745,232361,34933
2020-06-13,England,E92000001,787,231616,34910
2020-06-12,England,E92000001,940,230829,34816
2020-06-11,England,E92000001,911,229889,34699
2020-06-10,England,E92000001,1078,228978,34635
2020-06-09,England,E92000001,1054,227900,34492
2020-06-08,England,E92000001,992,226846,34313
2020-06-07,England,E92000001,664,225854,34269
2020-06-06,England,E92000001,724,225190,34220
2020-06-05,England,E92000001,1019,224466,34094
2020-06-04,England,E92000001,1145,223447,33855
2020-06-03,England,E92000001,1238,222302,33743
2020-06-02,England,E92000001,1349,221064,33525
2020-06-01,England,E92000001,1312,219715,33297
2020-05-31,England,E92000001,989,218403,33218
2020-05-30,England,E92000001,997,217414,33179
2020-05-29,England,E92000001,1369,216417,33062
2020-05-28,England,E92000001,1570,215048,32816
2020-05-27,England,E92000001,1612,213478,32501
2020-05-26,England,E92000001,1448,211866,32105
2020-05-25,England,E92000001,1375,210418,32000
2020-05-24,England,E92000001,1197,209043,31914
2020-05-23,England,E92000001,1303,207846,31552
2020-05-22,England,E92000001,1792,206543,31355
2020-05-21,England,E92000001,2266,204751,31098
2020-05-20,England,E92000001,2339,202485,30878
2020-05-19,England,E92000001,2586,200146,30619
2020-05-18,England,E92000001,2211,197560,30172
2020-05-17,England,E92000001,1588,195349,30038
2020-05-16,England,E92000001,1769,193761,29995
2020-05-15,England,E92000001,2132,191992,29647
2020-05-14,England,E92000001,2207,189860,29367
2020-05-13,England,E92000001,2882,187653,29064
2020-05-12,England,E92000001,2919,184771,28702
2020-05-11,England,E92000001,3053,181852,28163
2020-05-10,England,E92000001,2002,178799,27989
2020-05-09,England,E92000001,1795,176797,27799
2020-05-08,England,E92000001,2620,175002,27573
2020-05-07,England,E92000001,3202,172382,27075
2020-05-06,England,E92000001,3263,169180,26698
2020-05-05,England,E92000001,3137,165917,26169
2020-05-04,England,E92000001,2839,162780,25530
2020-05-03,England,E92000001,2634,159941,25283
2020-05-02,England,E92000001,2739,157307,25061
2020-05-01,England,E92000001,4086,154568,24576
2020-04-30,England,E92000001,4307,150482,23953
2020-04-29,England,E92000001,4726,146175,23410
2020-04-28,England,E92000001,4111,141449,22806
2020-04-27,England,E92000001,4025,137338,21944
2020-04-26,England,E92000001,3134,133313,21655
2020-04-25,England,E92000001,3370,130179,21328
2020-04-24,England,E92000001,4346,126809,20599
2020-04-23,England,E92000001,4553,122463,19778
2020-04-22,England,E92000001,4799,117910,19184
2020-04-21,England,E92000001,3977,113111,18459
2020-04-20,England,E92000001,3678,109134,17343
2020-04-19,England,E92000001,3471,105456,16807
2020-04-18,England,E92000001,4108,101985,16427
2020-04-17,England,E92000001,4067,97877,15423
2020-04-16,England,E92000001,4346,93810,14597
2020-04-15,England,E92000001,4212,89464,13691
2020-04-14,England,E92000001,3542,85252,12961
2020-04-13,England,E92000001,3426,81710,11954
2020-04-12,England,E92000001,2942,78284,11260
2020-04-11,England,E92000001,3059,75342,10656
2020-04-10,England,E92000001,3578,72283,9911
2020-04-09,England,E92000001,4061,68705,8876
2020-04-08,England,E92000001,4284,64644,7886
2020-04-07,England,E92000001,4565,60360,6964
2020-04-06,England,E92000001,4369,55795,5955
2020-04-05,England,E92000001,3082,51426,5424
2020-04-04,England,E92000001,3380,48344,4846
2020-04-03,England,E92000001,4079,44964,4157
2020-04-02,England,E92000001,4063,40885,3503
2020-04-01,England,E92000001,4120,36822,2900
2020-03-31,England,E92000001,3785,32702,2287
2020-03-30,England,E92000001,3518,28917,1919
2020-03-29,England,E92000001,2439,25399,1566
2020-03-28,England,E92000001,2367,22960,1371
2020-03-27,England,E92000001,2650,20593,1092
2020-03-26,England,E92000001,2614,17943,821
2020-03-25,England,E92000001,2257,15329,652
2020-03-24,England,E92000001,2025,13072,474
2020-03-23,England,E92000001,2012,11047,331
2020-03-22,England,E92000001,1204,9035,264
2020-03-21,England,E92000001,1032,7831,240
2020-03-20,England,E92000001,1087,6799,186
2020-03-19,England,E92000001,928,5712,154
2020-03-18,England,E92000001,907,4784,112
2020-03-17,England,E92000001,680,3877,79
2020-03-16,England,E92000001,545,3197,64
2020-03-15,England,E92000001,396,2652,42
2020-03-14,England,E92000001,315,2256,28
2020-03-13,England,E92000001,393,1941,10
2020-03-12,England,E92000001,414,1548,9
2020-03-11,England,E92000001,353,1134,7
2020-03-10,England,E92000001,227,781,7
2020-03-09,England,E92000001,125,554,3
2020-03-08,England,E92000001,50,429,2
2020-03-07,England,E92000001,55,379,2
2020-03-06,England,E92000001,73,324,1
2020-03-05,England,E92000001,46,251,
2020-03-04,England,E92000001,49,205,
2020-03-03,England,E92000001,53,156,
2020-03-02,England,E92000001,38,103,
2020-03-01,England,E92000001,20,65,
2020-02-29,England,E92000001,5,45,
2020-02-28,England,E92000001,11,40,
2020-02-27,England,E92000001,7,29,
2020-02-26,England,E92000001,4,22,
2020-02-25,England,E92000001,5,18,
2020-02-24,England,E92000001,2,13,
2020-02-23,England,E92000001,1,11,
2020-02-22,England,E92000001,0,10,
2020-02-21,England,E92000001,1,10,
2020-02-20,England,E92000001,0,9,
2020-02-19,England,E92000001,0,9,
2020-02-18,England,E92000001,0,9,
2020-02-17,England,E92000001,0,9,
2020-02-16,England,E92000001,0,9,
2020-02-15,England,E92000001,0,9,
2020-02-14,England,E92000001,0,9,
2020-02-13,England,E92000001,0,9,
2020-02-12,England,E92000001,0,9,
2020-02-11,England,E92000001,1,9,
2020-02-10,England,E92000001,0,8,
2020-02-09,England,E92000001,1,8,
2020-02-08,England,E92000001,4,7,
2020-02-07,England,E92000001,0,3,
2020-02-06,England,E92000001,0,3,
2020-02-05,England,E92000001,1,3,
2020-02-04,England,E92000001,0,2,
2020-02-03,England,E92000001,0,2,
2020-02-02,England,E92000001,0,2,
2020-02-01,England,E92000001,0,2,
2020-01-31,England,E92000001,0,2,
2020-01-30,England,E92000001,2,2,
2021-05-14,Northern Ireland,N92000002,,,2149
2021-05-13,Northern Ireland,N92000002,83,121419,2149
2021-05-12,Northern Ireland,N92000002,105,121336,2148
2021-05-11,Northern Ireland,N92000002,109,121231,2148
2021-05-10,Northern Ireland,N92000002,113,121122,2147
2021-05-09,Northern Ireland,N92000002,85,121009,2147
2021-05-08,Northern Ireland,N92000002,98,120924,2147
2021-05-07,Northern Ireland,N92000002,83,120826,2147
2021-05-06,Northern Ireland,N92000002,80,120743,2146
2021-05-05,Northern Ireland,N92000002,90,120663,2146
2021-05-04,Northern Ireland,N92000002,109,120573,2146
2021-05-03,Northern Ireland,N92000002,92,120464,2146
2021-05-02,Northern Ireland,N92000002,65,120372,2146
2021-05-01,Northern Ireland,N92000002,70,120307,2145
2021-04-30,Northern Ireland,N92000002,87,120237,2145
2021-04-29,Northern Ireland,N92000002,94,120150,2144
2021-04-28,Northern Ireland,N92000002,102,120056,2144
2021-04-27,Northern Ireland,N92000002,110,119954,2143
2021-04-26,Northern Ireland,N92000002,104,119844,2143
2021-04-25,Northern Ireland,N92000002,78,119740,2142
2021-04-24,Northern Ireland,N92000002,76,119662,2142
2021-04-23,Northern Ireland,N92000002,78,119586,2141
2021-04-22,Northern Ireland,N92000002,82,119508,2140
2021-04-21,Northern Ireland,N92000002,116,119426,2137
2021-04-20,Northern Ireland,N92000002,126,119310,2136
2021-04-19,Northern Ireland,N92000002,135,119184,2135
2021-04-18,Northern Ireland,N92000002,78,119049,2135
2021-04-17,Northern Ireland,N92000002,89,118971,2135
2021-04-16,Northern Ireland,N92000002,104,118882,2133
2021-04-15,Northern Ireland,N92000002,118,118778,2132
2021-04-14,Northern Ireland,N92000002,168,118660,2130
2021-04-13,Northern Ireland,N92000002,100,118492,2129
2021-04-12,Northern Ireland,N92000002,112,118392,2129
2021-04-11,Northern Ireland,N92000002,92,118280,2129
2021-04-10,Northern Ireland,N92000002,92,118188,2128
2021-04-09,Northern Ireland,N92000002,130,118096,2125
2021-04-08,Northern Ireland,N92000002,131,117966,2123
2021-04-07,Northern Ireland,N92000002,109,117835,2121
2021-04-06,Northern Ireland,N92000002,94,117726,2121
2021-04-05,Northern Ireland,N92000002,61,117632,2118
2021-04-04,Northern Ireland,N92000002,39,117571,2116
2021-04-03,Northern Ireland,N92000002,54,117532,2116
2021-04-02,Northern Ireland,N92000002,82,117478,2116
2021-04-01,Northern Ireland,N92000002,98,117396,2115
2021-03-31,Northern Ireland,N92000002,124,117298,2115
2021-03-30,Northern Ireland,N92000002,110,117174,2115
2021-03-29,Northern Ireland,N92000002,138,117064,2111
2021-03-28,Northern Ireland,N92000002,96,116926,2111
2021-03-27,Northern Ireland,N92000002,120,116830,2109
2021-03-26,Northern Ireland,N92000002,139,116710,2107
2021-03-25,Northern Ireland,N92000002,181,116571,2107
2021-03-24,Northern Ireland,N92000002,169,116390,2107
2021-03-23,Northern Ireland,N92000002,148,116221,2107
2021-03-22,Northern Ireland,N92000002,177,116073,2105
2021-03-21,Northern Ireland,N92000002,114,115896,2104
2021-03-20,Northern Ireland,N92000002,123,115782,2103
2021-03-19,Northern Ireland,N92000002,136,115659,2103
2021-03-18,Northern Ireland,N92000002,180,115523,2101
2021-03-17,Northern Ireland,N92000002,142,115343,2100
2021-03-16,Northern Ireland,N92000002,177,115201,2100
2021-03-15,Northern Ireland,N92000002,180,115024,2099
2021-03-14,Northern Ireland,N92000002,114,114844,2098
2021-03-13,Northern Ireland,N92000002,138,114730,2098
2021-03-12,Northern Ireland,N92000002,181,114592,2097
2021-03-11,Northern Ireland,N92000002,192,114411,2096
2021-03-10,Northern Ireland,N92000002,201,114219,2087
2021-03-09,Northern Ireland,N92000002,190,114018,2079
2021-03-08,Northern Ireland,N92000002,229,113828,2077
2021-03-07,Northern Ireland,N92000002,163,113599,2075
2021-03-06,Northern Ireland,N92000002,147,113436,2072
2021-03-05,Northern Ireland,N92000002,151,113289,2068
2021-03-04,Northern Ireland,N92000002,171,113138,2066
2021-03-03,Northern Ireland,N92000002,167,112967,2063
2021-03-02,Northern Ireland,N92000002,214,112800,2059
2021-03-01,Northern Ireland,N92000002,194,112586,2057
2021-02-28,Northern Ireland,N92000002,125,112392,2055
2021-02-27,Northern Ireland,N92000002,159,112267,2052
2021-02-26,Northern Ireland,N92000002,181,112108,2050
2021-02-25,Northern Ireland,N92000002,248,111927,2048
2021-02-24,Northern Ireland,N92000002,281,111679,2043
2021-02-23,Northern Ireland,N92000002,256,111398,2041
2021-02-22,Northern Ireland,N92000002,261,111142,2036
2021-02-21,Northern Ireland,N92000002,187,110881,2032
2021-02-20,Northern Ireland,N92000002,235,110694,2029
2021-02-19,Northern Ireland,N92000002,298,110459,2026
2021-02-18,Northern Ireland,N92000002,278,110161,2021
2021-02-17,Northern Ireland,N92000002,336,109883,2015
2021-02-16,Northern Ireland,N92000002,313,109547,2009
2021-02-15,Northern Ireland,N92000002,379,109234,2000
2021-02-14,Northern Ireland,N92000002,249,108855,1996
2021-02-13,Northern Ireland,N92000002,193,108606,1985
2021-02-12,Northern Ireland,N92000002,280,108413,1975
2021-02-11,Northern Ireland,N92000002,292,108133,1966
2021-02-10,Northern Ireland,N92000002,347,107841,1957
2021-02-09,Northern Ireland,N92000002,330,107494,1953
2021-02-08,Northern Ireland,N92000002,371,107164,1943
2021-02-07,Northern Ireland,N92000002,281,106793,1931
2021-02-06,Northern Ireland,N92000002,311,106512,1922
2021-02-05,Northern Ireland,N92000002,430,106201,1915
2021-02-04,Northern Ireland,N92000002,397,105771,1899
2021-02-03,Northern Ireland,N92000002,473,105374,1889
2021-02-02,Northern Ireland,N92000002,446,104901,1878
2021-02-01,Northern Ireland,N92000002,519,104455,1861
2021-01-31,Northern Ireland,N92000002,390,103936,1850
2021-01-30,Northern Ireland,N92000002,398,103546,1831
2021-01-29,Northern Ireland,N92000002,525,103148,1814
2021-01-28,Northern Ireland,N92000002,516,102623,1792
2021-01-27,Northern Ireland,N92000002,614,102107,1779
2021-01-26,Northern Ireland,N92000002,628,101493,1763
2021-01-25,Northern Ireland,N92000002,626,100865,1747
2021-01-24,Northern Ireland,N92000002,446,100239,1730
2021-01-23,Northern Ireland,N92000002,469,99793,1716
2021-01-22,Northern Ireland,N92000002,608,99324,1704
2021-01-21,Northern Ireland,N92000002,752,98716,1692
2021-01-20,Northern Ireland,N92000002,777,97964,1671
2021-01-19,Northern Ireland,N92000002,859,97187,1649
2021-01-18,Northern Ireland,N92000002,909,96328,1625
2021-01-17,Northern Ireland,N92000002,611,95419,1606
2021-01-16,Northern Ireland,N92000002,690,94808,1581
2021-01-15,Northern Ireland,N92000002,847,94118,1559
2021-01-14,Northern Ireland,N92000002,913,93271,1533
2021-01-13,Northern Ireland,N92000002,1058,92358,1517
2021-01-12,Northern Ireland,N92000002,1117,91300,1498
2021-01-11,Northern Ireland,N92000002,1262,90183,1476
2021-01-10,Northern Ireland,N92000002,880,88921,1460
2021-01-09,Northern Ireland,N92000002,999,88041,1443
2021-01-08,Northern Ireland,N92000002,1235,87042,1434
2021-01-07,Northern Ireland,N92000002,1237,85807,1414
2021-01-06,Northern Ireland,N92000002,1526,84570,1397
2021-01-05,Northern Ireland,N92000002,1619,83044,1384
2021-01-04,Northern Ireland,N92000002,2004,81425,1366
2021-01-03,Northern Ireland,N92000002,1630,79421,1354
2021-01-02,Northern Ireland,N92000002,1927,77791,1348
2021-01-01,Northern Ireland,N92000002,1248,75864,1322
2020-12-31,Northern Ireland,N92000002,1723,74616,1322
2020-12-30,Northern Ireland,N92000002,2226,72893,1311
2020-12-29,Northern Ireland,N92000002,2305,70667,1305
2020-12-28,Northern Ireland,N92000002,1386,68362,1291
2020-12-27,Northern Ireland,N92000002,1089,66976,1271
2020-12-26,Northern Ireland,N92000002,718,65887,1271
2020-12-25,Northern Ireland,N92000002,341,65169,1251
2020-12-24,Northern Ireland,N92000002,625,64828,1251
2020-12-23,Northern Ireland,N92000002,806,64203,1240
2020-12-22,Northern Ireland,N92000002,722,63397,1219
2020-12-21,Northern Ireland,N92000002,721,62675,1203
2020-12-20,Northern Ireland,N92000002,488,61954,1196
2020-12-19,Northern Ireland,N92000002,485,61466,1183
2020-12-18,Northern Ireland,N92000002,536,60981,1166
2020-12-17,Northern Ireland,N92000002,603,60445,1154
2020-12-16,Northern Ireland,N92000002,616,59842,1142
2020-12-15,Northern Ireland,N92000002,535,59226,1135
2020-12-14,Northern Ireland,N92000002,567,58691,1129
2020-12-13,Northern Ireland,N92000002,399,58124,1124
2020-12-12,Northern Ireland,N92000002,361,57725,1120
2020-12-11,Northern Ireland,N92000002,520,57364,1111
2020-12-10,Northern Ireland,N92000002,501,56844,1099
2020-12-09,Northern Ireland,N92000002,454,56343,1085
2020-12-08,Northern Ireland,N92000002,469,55889,1073
2020-12-07,Northern Ireland,N92000002,469,55420,1059
2020-12-06,Northern Ireland,N92000002,368,54951,1050
2020-12-05,Northern Ireland,N92000002,396,54583,1039
2020-12-04,Northern Ireland,N92000002,432,54187,1032
2020-12-03,Northern Ireland,N92000002,496,53755,1026
2020-12-02,Northern Ireland,N92000002,411,53259,1015
2020-12-01,Northern Ireland,N92000002,399,52848,1011
2020-11-30,Northern Ireland,N92000002,505,52449,996
2020-11-29,Northern Ireland,N92000002,256,51944,986
2020-11-28,Northern Ireland,N92000002,343,51688,983
2020-11-27,Northern Ireland,N92000002,332,51345,974
2020-11-26,Northern Ireland,N92000002,337,51013,962
2020-11-25,Northern Ireland,N92000002,416,50676,954
2020-11-24,Northern Ireland,N92000002,340,50260,947
2020-11-23,Northern Ireland,N92000002,376,49920,936
2020-11-22,Northern Ireland,N92000002,274,49544,933
2020-11-21,Northern Ireland,N92000002,293,49270,923
2020-11-20,Northern Ireland,N92000002,372,48977,913
2020-11-19,Northern Ireland,N92000002,349,48605,901
2020-11-18,Northern Ireland,N92000002,439,48256,889
2020-11-17,Northern Ireland,N92000002,572,47817,878
2020-11-16,Northern Ireland,N92000002,580,47245,869
2020-11-15,Northern Ireland,N92000002,373,46665,855
2020-11-14,Northern Ireland,N92000002,420,46292,846
2020-11-13,Northern Ireland,N92000002,474,45872,836
2020-11-12,Northern Ireland,N92000002,551,45398,825
2020-11-11,Northern Ireland,N92000002,608,44847,810
2020-11-10,Northern Ireland,N92000002,698,44239,802
2020-11-09,Northern Ireland,N92000002,647,43541,791
2020-11-08,Northern Ireland,N92000002,422,42894,781
2020-11-07,Northern Ireland,N92000002,457,42472,774
2020-11-06,Northern Ireland,N92000002,487,42015,760
2020-11-05,Northern Ireland,N92000002,561,41528,752
2020-11-04,Northern Ireland,N92000002,591,40967,740
2020-11-03,Northern Ireland,N92000002,654,40376,730
2020-11-02,Northern Ireland,N92000002,696,39722,724
2020-11-01,Northern Ireland,N92000002,463,39026,716
2020-10-31,Northern Ireland,N92000002,514,38563,708
2020-10-30,Northern Ireland,N92000002,690,38049,697
2020-10-29,Northern Ireland,N92000002,693,37359,688
2020-10-28,Northern Ireland,N92000002,755,36666,680
2020-10-27,Northern Ireland,N92000002,821,35911,671
2020-10-26,Northern Ireland,N92000002,891,35090,658
2020-10-25,Northern Ireland,N92000002,680,34199,653
2020-10-24,Northern Ireland,N92000002,740,33519,645
2020-10-23,Northern Ireland,N92000002,883,32779,639
2020-10-22,Northern Ireland,N92000002,1078,31896,634
2020-10-21,Northern Ireland,N92000002,1114,30818,629
2020-10-20,Northern Ireland,N92000002,1064,29704,624
2020-10-19,Northern Ireland,N92000002,1040,28640,621
2020-10-18,Northern Ireland,N92000002,792,27600,615
2020-10-17,Northern Ireland,N92000002,842,26808,610
2020-10-16,Northern Ireland,N92000002,970,25966,608
2020-10-15,Northern Ireland,N92000002,1109,24996,606
2020-10-14,Northern Ireland,N92000002,1064,23887,602
2020-10-13,Northern Ireland,N92000002,1085,22823,598
2020-10-12,Northern Ireland,N92000002,1107,21738,591
2020-10-11,Northern Ireland,N92000002,832,20631,588
2020-10-10,Northern Ireland,N92000002,800,19799,587
2020-10-09,Northern Ireland,N92000002,840,18999,587
2020-10-08,Northern Ireland,N92000002,980,18159,587
2020-10-07,Northern Ireland,N92000002,1031,17179,586
2020-10-06,Northern Ireland,N92000002,802,16148,585
2020-10-05,Northern Ireland,N92000002,711,15346,584
2020-10-04,Northern Ireland,N92000002,614,14635,584
2020-10-03,Northern Ireland,N92000002,622,14021,583
2020-10-02,Northern Ireland,N92000002,697,13399,582
2020-10-01,Northern Ireland,N92000002,481,12702,581
2020-09-30,Northern Ireland,N92000002,643,12221,579
2020-09-29,Northern Ireland,N92000002,389,11578,578
2020-09-28,Northern Ireland,N92000002,296,11189,578
2020-09-27,Northern Ireland,N92000002,271,10893,578
2020-09-26,Northern Ireland,N92000002,268,10622,578
2020-09-25,Northern Ireland,N92000002,244,10354,577
2020-09-24,Northern Ireland,N92000002,282,10110,577
2020-09-23,Northern Ireland,N92000002,219,9828,577
2020-09-22,Northern Ireland,N92000002,170,9609,577
2020-09-21,Northern Ireland,N92000002,135,9439,577
2020-09-20,Northern Ireland,N92000002,124,9304,575
2020-09-19,Northern Ireland,N92000002,161,9180,575
2020-09-18,Northern Ireland,N92000002,168,9019,575
2020-09-17,Northern Ireland,N92000002,168,8851,573
2020-09-16,Northern Ireland,N92000002,131,8683,573
2020-09-15,Northern Ireland,N92000002,107,8552,571
2020-09-14,Northern Ireland,N92000002,119,8445,570
2020-09-13,Northern Ireland,N92000002,91,8326,568
2020-09-12,Northern Ireland,N92000002,106,8235,568
2020-09-11,Northern Ireland,N92000002,73,8129,568
2020-09-10,Northern Ireland,N92000002,79,8056,568
2020-09-09,Northern Ireland,N92000002,98,7977,567
2020-09-08,Northern Ireland,N92000002,56,7879,567
2020-09-07,Northern Ireland,N92000002,72,7823,565
2020-09-06,Northern Ireland,N92000002,102,7751,564
2020-09-05,Northern Ireland,N92000002,90,7649,564
2020-09-04,Northern Ireland,N92000002,130,7559,564
2020-09-03,Northern Ireland,N92000002,106,7429,563
2020-09-02,Northern Ireland,N92000002,90,7323,562
2020-09-01,Northern Ireland,N92000002,65,7233,560
2020-08-31,Northern Ireland,N92000002,54,7168,560
2020-08-30,Northern Ireland,N92000002,35,7114,560
2020-08-29,Northern Ireland,N92000002,43,7079,560
2020-08-28,Northern Ireland,N92000002,85,7036,560
2020-08-27,Northern Ireland,N92000002,78,6951,560
2020-08-26,Northern Ireland,N92000002,71,6873,559
2020-08-25,Northern Ireland,N92000002,65,6802,559
2020-08-24,Northern Ireland,N92000002,45,6737,559
2020-08-23,Northern Ireland,N92000002,52,6692,559
2020-08-22,Northern Ireland,N92000002,42,6640,559
2020-08-21,Northern Ireland,N92000002,80,6598,559
2020-08-20,Northern Ireland,N92000002,71,6518,559
2020-08-19,Northern Ireland,N92000002,41,6447,559
2020-08-18,Northern Ireland,N92000002,43,6406,559
2020-08-17,Northern Ireland,N92000002,53,6363,558
2020-08-16,Northern Ireland,N92000002,20,6310,558
2020-08-15,Northern Ireland,N92000002,22,6290,558
2020-08-14,Northern Ireland,N92000002,57,6268,558
2020-08-13,Northern Ireland,N92000002,51,6211,557
2020-08-12,Northern Ireland,N92000002,39,6160,557
2020-08-11,Northern Ireland,N92000002,38,6121,557
2020-08-10,Northern Ireland,N92000002,44,6083,557
2020-08-09,Northern Ireland,N92000002,25,6039,556
2020-08-08,Northern Ireland,N92000002,27,6014,556
2020-08-07,Northern Ireland,N92000002,16,5987,556
2020-08-06,Northern Ireland,N92000002,17,5971,556
2020-08-05,Northern Ireland,N92000002,29,5954,556
2020-08-04,Northern Ireland,N92000002,17,5925,556
2020-08-03,Northern Ireland,N92000002,18,5908,556
2020-08-02,Northern Ireland,N92000002,9,5890,556
2020-08-01,Northern Ireland,N92000002,10,5881,556
2020-07-31,Northern Ireland,N92000002,13,5871,556
2020-07-30,Northern Ireland,N92000002,10,5858,556
2020-07-29,Northern Ireland,N92000002,11,5848,556
2020-07-28,Northern Ireland,N92000002,13,5837,556
2020-07-27,Northern Ireland,N92000002,12,5824,556
2020-07-26,Northern Ireland,N92000002,1,5812,556
2020-07-25,Northern Ireland,N92000002,4,5811,556
2020-07-24,Northern Ireland,N92000002,14,5807,556
2020-07-23,Northern Ireland,N92000002,12,5793,556
2020-07-22,Northern Ireland,N92000002,8,5781,556
2020-07-21,Northern Ireland,N92000002,12,5773,556
2020-07-20,Northern Ireland,N92000002,3,5761,556
2020-07-19,Northern Ireland,N92000002,3,5758,556
2020-07-18,Northern Ireland,N92000002,7,5755,556
2020-07-17,Northern Ireland,N92000002,8,5748,556
2020-07-16,Northern Ireland,N92000002,19,5740,556
2020-07-15,Northern Ireland,N92000002,15,5721,556
2020-07-14,Northern Ireland,N92000002,7,5706,556
2020-07-13,Northern Ireland,N92000002,3,5699,556
2020-07-12,Northern Ireland,N92000002,4,5696,554
2020-07-11,Northern Ireland,N92000002,6,5692,554
2020-07-10,Northern Ireland,N92000002,4,5686,554
2020-07-09,Northern Ireland,N92000002,5,5682,554
2020-07-08,Northern Ireland,N92000002,6,5677,554
2020-07-07,Northern Ireland,N92000002,5,5671,554
2020-07-06,Northern Ireland,N92000002,8,5666,554
2020-07-05,Northern Ireland,N92000002,2,5658,554
2020-07-04,Northern Ireland,N92000002,1,5656,554
2020-07-03,Northern Ireland,N92000002,8,5655,554
2020-07-02,Northern Ireland,N92000002,3,5647,552
2020-07-01,Northern Ireland,N92000002,4,5644,551
2020-06-30,Northern Ireland,N92000002,2,5640,551
2020-06-29,Northern Ireland,N92000002,4,5638,551
2020-06-28,Northern Ireland,N92000002,5,5634,550
2020-06-27,Northern Ireland,N92000002,4,5629,549
2020-06-26,Northern Ireland,N92000002,3,5625,548
2020-06-25,Northern Ireland,N92000002,5,5622,547
2020-06-24,Northern Ireland,N92000002,4,5617,547
2020-06-23,Northern Ireland,N92000002,8,5613,546
2020-06-22,Northern Ireland,N92000002,4,5605,545
2020-06-21,Northern Ireland,N92000002,3,5601,545
2020-06-20,Northern Ireland,N92000002,5,5598,545
2020-06-19,Northern Ireland,N92000002,12,5593,544
2020-06-18,Northern Ireland,N92000002,7,5581,543
2020-06-17,Northern Ireland,N92000002,5,5574,543
2020-06-16,Northern Ireland,N92000002,11,5569,542
2020-06-15,Northern Ireland,N92000002,19,5558,541
2020-06-14,Northern Ireland,N92000002,8,5539,541
2020-06-13,Northern Ireland,N92000002,10,5531,541
2020-06-12,Northern Ireland,N92000002,10,5521,539
2020-06-11,Northern Ireland,N92000002,10,5511,538
2020-06-10,Northern Ireland,N92000002,16,5501,537
2020-06-09,Northern Ireland,N92000002,11,5485,537
2020-06-08,Northern Ireland,N92000002,14,5474,537
2020-06-07,Northern Ireland,N92000002,5,5460,537
2020-06-06,Northern Ireland,N92000002,8,5455,537
2020-06-05,Northern Ireland,N92000002,23,5447,536
2020-06-04,Northern Ireland,N92000002,11,5424,535
2020-06-03,Northern Ireland,N92000002,11,5413,534
2020-06-02,Northern Ireland,N92000002,20,5402,526
2020-06-01,Northern Ireland,N92000002,24,5382,524
2020-05-31,Northern Ireland,N92000002,26,5358,523
2020-05-30,Northern Ireland,N92000002,13,5332,522
2020-05-29,Northern Ireland,N92000002,20,5319,521
2020-05-28,Northern Ireland,N92000002,28,5299,518
2020-05-27,Northern Ireland,N92000002,33,5271,516
2020-05-26,Northern Ireland,N92000002,27,5238,514
2020-05-25,Northern Ireland,N92000002,39,5211,514
2020-05-24,Northern Ireland,N92000002,30,5172,506
2020-05-23,Northern Ireland,N92000002,54,5142,505
2020-05-22,Northern Ireland,N92000002,33,5088,504
2020-05-21,Northern Ireland,N92000002,56,5055,501
2020-05-20,Northern Ireland,N92000002,74,4999,494
2020-05-19,Northern Ireland,N92000002,72,4925,489
2020-05-18,Northern Ireland,N92000002,62,4853,482
2020-05-17,Northern Ireland,N92000002,36,4791,476
2020-05-16,Northern Ireland,N92000002,40,4755,473
2020-05-15,Northern Ireland,N92000002,66,4715,469
2020-05-14,Northern Ireland,N92000002,73,4649,454
2020-05-13,Northern Ireland,N92000002,75,4576,449
2020-05-12,Northern Ireland,N92000002,91,4501,447
2020-05-11,Northern Ireland,N92000002,74,4410,438
2020-05-10,Northern Ireland,N92000002,61,4336,435
2020-05-09,Northern Ireland,N92000002,54,4275,430
2020-05-08,Northern Ireland,N92000002,72,4221,426
2020-05-07,Northern Ireland,N92000002,97,4149,422
2020-05-06,Northern Ireland,N92000002,80,4052,418
2020-05-05,Northern Ireland,N92000002,73,3972,404
2020-05-04,Northern Ireland,N92000002,74,3899,387
2020-05-03,Northern Ireland,N92000002,53,3825,381
2020-05-02,Northern Ireland,N92000002,89,3772,376
2020-05-01,Northern Ireland,N92000002,97,3683,365
2020-04-30,Northern Ireland,N92000002,115,3586,347
2020-04-29,Northern Ireland,N92000002,91,3471,338
2020-04-28,Northern Ireland,N92000002,74,3380,329
2020-04-27,Northern Ireland,N92000002,71,3306,309
2020-04-26,Northern Ireland,N92000002,44,3235,299
2020-04-25,Northern Ireland,N92000002,52,3191,294
2020-04-24,Northern Ireland,N92000002,82,3139,278
2020-04-23,Northern Ireland,N92000002,72,3057,263
2020-04-22,Northern Ireland,N92000002,96,2985,250
2020-04-21,Northern Ireland,N92000002,131,2889,220
2020-04-20,Northern Ireland,N92000002,112,2758,207
2020-04-19,Northern Ireland,N92000002,41,2646,194
2020-04-18,Northern Ireland,N92000002,85,2605,193
2020-04-17,Northern Ireland,N92000002,154,2520,176
2020-04-16,Northern Ireland,N92000002,138,2366,158
2020-04-15,Northern Ireland,N92000002,133,2228,140
2020-04-14,Northern Ireland,N92000002,95,2095,134
2020-04-13,Northern Ireland,N92000002,106,2000,124
2020-04-12,Northern Ireland,N92000002,73,1894,118
2020-04-11,Northern Ireland,N92000002,67,1821,107
2020-04-10,Northern Ireland,N92000002,94,1754,92
2020-04-09,Northern Ireland,N92000002,99,1660,82
2020-04-08,Northern Ireland,N92000002,102,1561,78
2020-04-07,Northern Ireland,N92000002,129,1459,73
2020-04-06,Northern Ireland,N92000002,105,1330,70
2020-04-05,Northern Ireland,N92000002,60,1225,63
2020-04-04,Northern Ireland,N92000002,86,1165,56
2020-04-03,Northern Ireland,N92000002,102,1079,48
2020-04-02,Northern Ireland,N92000002,105,977,36
2020-04-01,Northern Ireland,N92000002,102,872,30
2020-03-31,Northern Ireland,N92000002,111,770,28
2020-03-30,Northern Ireland,N92000002,84,659,22
2020-03-29,Northern Ireland,N92000002,62,575,21
2020-03-28,Northern Ireland,N92000002,76,513,15
2020-03-27,Northern Ireland,N92000002,67,437,13
2020-03-26,Northern Ireland,N92000002,76,370,10
2020-03-25,Northern Ireland,N92000002,56,294,7
2020-03-24,Northern Ireland,N92000002,41,238,5
2020-03-23,Northern Ireland,N92000002,41,197,3
2020-03-22,Northern Ireland,N92000002,18,156,2
2020-03-21,Northern Ireland,N92000002,20,138,2
2020-03-20,Northern Ireland,N92000002,17,118,1
2020-03-19,Northern Ireland,N92000002,14,101,1
2020-03-18,Northern Ireland,N92000002,13,87,
2020-03-17,Northern Ireland,N92000002,8,74,
2020-03-16,Northern Ireland,N92000002,8,66,
2020-03-15,Northern Ireland,N92000002,2,58,
2020-03-14,Northern Ireland,N92000002,10,56,
2020-03-13,Northern Ireland,N92000002,11,46,
2020-03-12,Northern Ireland,N92000002,4,35,
2020-03-11,Northern Ireland,N92000002,11,31,
2020-03-10,Northern Ireland,N92000002,5,20,
2020-03-09,Northern Ireland,N92000002,3,15,
2020-03-08,Northern Ireland,N92000002,3,12,
2020-03-07,Northern Ireland,N92000002,5,9,
2020-03-06,Northern Ireland,N92000002,2,4,
2020-03-05,Northern Ireland,N92000002,2,2,
2021-05-14,Scotland,S92000003,,,7664
2021-05-13,Scotland,S92000003,31,228908,7662
2021-05-12,Scotland,S92000003,273,228877,7661
2021-05-11,Scotland,S92000003,281,228604,7661
2021-05-10,Scotland,S92000003,326,228323,7661
2021-05-09,Scotland,S92000003,210,227997,7661
2021-05-08,Scotland,S92000003,184,227787,7661
2021-05-07,Scotland,S92000003,200,227603,7661
2021-05-06,Scotland,S92000003,218,227403,7660
2021-05-05,Scotland,S92000003,221,227185,7660
2021-05-04,Scotland,S92000003,197,226964,7660
2021-05-03,Scotland,S92000003,162,226767,7660
2021-05-02,Scotland,S92000003,119,226605,7660
2021-05-01,Scotland,S92000003,128,226486,7660
2021-04-30,Scotland,S92000003,173,226358,7659
2021-04-29,Scotland,S92000003,174,226185,7659
2021-04-28,Scotland,S92000003,194,226011,7654
2021-04-27,Scotland,S92000003,196,225817,7653
2021-04-26,Scotland,S92000003,194,225621,7652
2021-04-25,Scotland,S92000003,110,225427,7652
2021-04-24,Scotland,S92000003,146,225317,7651
2021-04-23,Scotland,S92000003,187,225171,7647
2021-04-22,Scotland,S92000003,230,224984,7646
2021-04-21,Scotland,S92000003,234,224754,7643
2021-04-20,Scotland,S92000003,241,224520,7644
2021-04-19,Scotland,S92000003,261,224279,7642
2021-04-18,Scotland,S92000003,172,224018,7642
2021-04-17,Scotland,S92000003,203,223846,7642
2021-04-16,Scotland,S92000003,222,223643,7640
2021-04-15,Scotland,S92000003,198,223421,7637
2021-04-14,Scotland,S92000003,211,223223,7636
2021-04-13,Scotland,S92000003,261,223012,7633
2021-04-12,Scotland,S92000003,255,222751,7630
2021-04-11,Scotland,S92000003,209,222496,7630
2021-04-10,Scotland,S92000003,227,222287,7630
2021-04-09,Scotland,S92000003,266,222060,7626
2021-04-08,Scotland,S92000003,282,221794,7620
2021-04-07,Scotland,S92000003,280,221512,7619
2021-04-06,Scotland,S92000003,356,221232,7614
2021-04-05,Scotland,S92000003,293,220876,7614
2021-04-04,Scotland,S92000003,253,220583,7614
2021-04-03,Scotland,S92000003,278,220330,7614
2021-04-02,Scotland,S92000003,349,220052,7614
2021-04-01,Scotland,S92000003,414,219703,7610
2021-03-31,Scotland,S92000003,392,219289,7602
2021-03-30,Scotland,S92000003,394,218897,7596
2021-03-29,Scotland,S92000003,516,218503,7584
2021-03-28,Scotland,S92000003,357,217987,7584
2021-03-27,Scotland,S92000003,388,217630,7584
2021-03-26,Scotland,S92000003,477,217242,7578
2021-03-25,Scotland,S92000003,571,216765,7572
2021-03-24,Scotland,S92000003,540,216194,7562
2021-03-23,Scotland,S92000003,605,215654,7559
2021-03-22,Scotland,S92000003,682,215049,7552
2021-03-21,Scotland,S92000003,464,214367,7552
2021-03-20,Scotland,S92000003,456,213903,7552
2021-03-19,Scotland,S92000003,544,213447,7544
2021-03-18,Scotland,S92000003,552,212903,7536
2021-03-17,Scotland,S92000003,599,212351,7529
2021-03-16,Scotland,S92000003,572,211752,7517
2021-03-15,Scotland,S92000003,690,211180,7510
2021-03-14,Scotland,S92000003,445,210490,7510
2021-03-13,Scotland,S92000003,463,210045,7508
2021-03-12,Scotland,S92000003,585,209582,7500
2021-03-11,Scotland,S92000003,663,208997,7483
2021-03-10,Scotland,S92000003,624,208334,7461
2021-03-09,Scotland,S92000003,654,207710,7441
2021-03-08,Scotland,S92000003,588,207056,7422
2021-03-07,Scotland,S92000003,434,206468,7421
2021-03-06,Scotland,S92000003,477,206034,7421
2021-03-05,Scotland,S92000003,464,205557,7409
2021-03-04,Scotland,S92000003,558,205093,7398
2021-03-03,Scotland,S92000003,495,204535,7371
2021-03-02,Scotland,S92000003,519,204040,7164
2021-03-01,Scotland,S92000003,546,203521,7131
2021-02-28,Scotland,S92000003,425,202975,7131
2021-02-27,Scotland,S92000003,413,202550,7129
2021-02-26,Scotland,S92000003,521,202137,7111
2021-02-25,Scotland,S92000003,629,201616,7084
2021-02-24,Scotland,S92000003,700,200987,7053
2021-02-23,Scotland,S92000003,698,200287,7006
2021-02-22,Scotland,S92000003,790,199589,6950
2021-02-21,Scotland,S92000003,611,198799,6950
2021-02-20,Scotland,S92000003,659,198188,6945
2021-02-19,Scotland,S92000003,891,197529,6916
2021-02-18,Scotland,S92000003,878,196638,6885
2021-02-17,Scotland,S92000003,828,195760,6828
2021-02-16,Scotland,S92000003,907,194932,6764
2021-02-15,Scotland,S92000003,965,194025,6715
2021-02-14,Scotland,S92000003,682,193060,6715
2021-02-13,Scotland,S92000003,540,192378,6711
2021-02-12,Scotland,S92000003,901,191838,6666
2021-02-11,Scotland,S92000003,844,190937,6599
2021-02-10,Scotland,S92000003,843,190093,6551
2021-02-09,Scotland,S92000003,757,189250,6501
2021-02-08,Scotland,S92000003,993,188493,6443
2021-02-07,Scotland,S92000003,657,187500,6438
2021-02-06,Scotland,S92000003,716,186843,6431
2021-02-05,Scotland,S92000003,938,186127,6383
2021-02-04,Scotland,S92000003,901,185189,6322
2021-02-03,Scotland,S92000003,928,184288,6269
2021-02-02,Scotland,S92000003,1050,183360,6181
2021-02-01,Scotland,S92000003,1100,182310,6112
2021-01-31,Scotland,S92000003,814,181210,6106
2021-01-30,Scotland,S92000003,785,180396,6100
2021-01-29,Scotland,S92000003,963,179611,6040
2021-01-28,Scotland,S92000003,1120,178648,5970
2021-01-27,Scotland,S92000003,1113,177528,5888
2021-01-26,Scotland,S92000003,1175,176415,5796
2021-01-25,Scotland,S92000003,1322,175240,5709
2021-01-24,Scotland,S92000003,862,173918,5705
2021-01-23,Scotland,S92000003,937,173056,5704
2021-01-22,Scotland,S92000003,1243,172119,5628
2021-01-21,Scotland,S92000003,1242,170876,5557
2021-01-20,Scotland,S92000003,1587,169634,5468
2021-01-19,Scotland,S92000003,1557,168047,5376
2021-01-18,Scotland,S92000003,1737,166490,5305
2021-01-17,Scotland,S92000003,1198,164753,5305
2021-01-16,Scotland,S92000003,1176,163555,5305
2021-01-15,Scotland,S92000003,1553,162379,5227
2021-01-14,Scotland,S92000003,1624,160826,5166
2021-01-13,Scotland,S92000003,1710,159202,5102
2021-01-12,Scotland,S92000003,1984,157492,5023
2021-01-11,Scotland,S92000003,2101,155508,4969
2021-01-10,Scotland,S92000003,1430,153407,4968
2021-01-09,Scotland,S92000003,1498,151977,4965
2021-01-08,Scotland,S92000003,1839,150479,4872
2021-01-07,Scotland,S92000003,2202,148640,4779
2021-01-06,Scotland,S92000003,2554,146438,4701
2021-01-05,Scotland,S92000003,3058,143884,4633
2021-01-04,Scotland,S92000003,2385,140826,4622
2021-01-03,Scotland,S92000003,2223,138441,4622
2021-01-02,Scotland,S92000003,2218,136218,4621
2021-01-01,Scotland,S92000003,1167,134000,4621
2020-12-31,Scotland,S92000003,2379,132833,4578
2020-12-30,Scotland,S92000003,2973,130454,4510
2020-12-29,Scotland,S92000003,3146,127481,4467
2020-12-28,Scotland,S92000003,1825,124335,4460
2020-12-27,Scotland,S92000003,1705,122510,4460
2020-12-26,Scotland,S92000003,1058,120805,4459
2020-12-25,Scotland,S92000003,520,119747,4459
2020-12-24,Scotland,S92000003,1022,119227,4416
2020-12-23,Scotland,S92000003,1322,118205,4373
2020-12-22,Scotland,S92000003,1333,116883,4326
2020-12-21,Scotland,S92000003,1322,115550,4283
2020-12-20,Scotland,S92000003,824,114228,4283
2020-12-19,Scotland,S92000003,757,113404,4280
2020-12-18,Scotland,S92000003,930,112647,4239
2020-12-17,Scotland,S92000003,912,111717,4203
2020-12-16,Scotland,S92000003,1051,110805,4173
2020-12-15,Scotland,S92000003,1034,109754,4135
2020-12-14,Scotland,S92000003,1100,108720,4111
2020-12-13,Scotland,S92000003,721,107620,4111
2020-12-12,Scotland,S92000003,687,106899,4109
2020-12-11,Scotland,S92000003,880,106212,4069
2020-12-10,Scotland,S92000003,907,105332,4039
2020-12-09,Scotland,S92000003,1008,104425,3989
2020-12-08,Scotland,S92000003,1047,103417,3950
2020-12-07,Scotland,S92000003,959,102370,3917
2020-12-06,Scotland,S92000003,645,101411,3916
2020-12-05,Scotland,S92000003,668,100766,3911
2020-12-04,Scotland,S92000003,649,100098,3889
2020-12-03,Scotland,S92000003,810,99449,3848
2020-12-02,Scotland,S92000003,951,98639,3797
2020-12-01,Scotland,S92000003,932,97688,3759
2020-11-30,Scotland,S92000003,974,96756,3725
2020-11-29,Scotland,S92000003,556,95782,3722
2020-11-28,Scotland,S92000003,573,95226,3720
2020-11-27,Scotland,S92000003,740,94653,3676
2020-11-26,Scotland,S92000003,807,93913,3639
2020-11-25,Scotland,S92000003,933,93106,3588
2020-11-24,Scotland,S92000003,994,92173,3544
2020-11-23,Scotland,S92000003,1162,91179,3503
2020-11-22,Scotland,S92000003,709,90017,3503
2020-11-21,Scotland,S92000003,765,89308,3496
2020-11-20,Scotland,S92000003,866,88543,3459
2020-11-19,Scotland,S92000003,985,87677,3427
2020-11-18,Scotland,S92000003,1118,86692,3377
2020-11-17,Scotland,S92000003,1226,85574,3323
2020-11-16,Scotland,S92000003,1279,84348,3286
2020-11-15,Scotland,S92000003,817,83069,3280
2020-11-14,Scotland,S92000003,919,82252,3280
2020-11-13,Scotland,S92000003,1063,81333,3244
2020-11-12,Scotland,S92000003,1197,80270,3188
2020-11-11,Scotland,S92000003,1251,79073,3143
2020-11-10,Scotland,S92000003,1292,77822,3079
2020-11-09,Scotland,S92000003,1296,76530,3040
2020-11-08,Scotland,S92000003,878,75234,3039
2020-11-07,Scotland,S92000003,849,74356,3036
2020-11-06,Scotland,S92000003,1144,73507,2997
2020-11-05,Scotland,S92000003,1299,72363,2966
2020-11-04,Scotland,S92000003,1304,71064,2927
2020-11-03,Scotland,S92000003,1396,69760,2877
2020-11-02,Scotland,S92000003,1479,68364,2849
2020-11-01,Scotland,S92000003,974,66885,2849
2020-10-31,Scotland,S92000003,745,65911,2843
2020-10-30,Scotland,S92000003,1105,65166,2819
2020-10-29,Scotland,S92000003,1100,64061,2791
2020-10-28,Scotland,S92000003,1269,62961,2754
2020-10-27,Scotland,S92000003,1312,61692,2726
2020-10-26,Scotland,S92000003,1346,60380,2701
2020-10-25,Scotland,S92000003,941,59034,2700
2020-10-24,Scotland,S92000003,959,58093,2699
2020-10-23,Scotland,S92000003,1287,57134,2688
2020-10-22,Scotland,S92000003,1503,55847,2670
2020-10-21,Scotland,S92000003,1581,54344,2653
2020-10-20,Scotland,S92000003,1686,52763,2625
2020-10-19,Scotland,S92000003,1360,51077,2610
2020-10-18,Scotland,S92000003,829,49717,2609
2020-10-17,Scotland,S92000003,863,48888,2609
2020-10-16,Scotland,S92000003,1253,48025,2594
2020-10-15,Scotland,S92000003,1294,46772,2585
2020-10-14,Scotland,S92000003,1294,45478,2572
2020-10-13,Scotland,S92000003,1424,44184,2557
2020-10-12,Scotland,S92000003,1363,42760,2550
2020-10-11,Scotland,S92000003,961,41397,2550
2020-10-10,Scotland,S92000003,945,40436,2550
2020-10-09,Scotland,S92000003,1095,39491,2544
2020-10-08,Scotland,S92000003,1171,38396,2538
2020-10-07,Scotland,S92000003,1252,37225,2533
2020-10-06,Scotland,S92000003,1193,35973,2532
2020-10-05,Scotland,S92000003,1099,34780,2530
2020-10-04,Scotland,S92000003,745,33681,2530
2020-10-03,Scotland,S92000003,702,32936,2530
2020-10-02,Scotland,S92000003,818,32234,2526
2020-10-01,Scotland,S92000003,777,31416,2522
2020-09-30,Scotland,S92000003,793,30639,2519
2020-09-29,Scotland,S92000003,661,29846,2512
2020-09-28,Scotland,S92000003,624,29185,2512
2020-09-27,Scotland,S92000003,360,28561,2512
2020-09-26,Scotland,S92000003,437,28201,2511
2020-09-25,Scotland,S92000003,577,27764,2511
2020-09-24,Scotland,S92000003,716,27187,2510
2020-09-23,Scotland,S92000003,572,26471,2508
2020-09-22,Scotland,S92000003,497,25899,2506
2020-09-21,Scotland,S92000003,454,25402,2505
2020-09-20,Scotland,S92000003,320,24948,2505
2020-09-19,Scotland,S92000003,236,24628,2505
2020-09-18,Scotland,S92000003,270,24392,2502
2020-09-17,Scotland,S92000003,265,24122,2501
2020-09-16,Scotland,S92000003,280,23857,2501
2020-09-15,Scotland,S92000003,238,23577,2500
2020-09-14,Scotland,S92000003,186,23339,2499
2020-09-13,Scotland,S92000003,178,23153,2499
2020-09-12,Scotland,S92000003,214,22975,2499
2020-09-11,Scotland,S92000003,216,22761,2499
2020-09-10,Scotland,S92000003,231,22545,2499
2020-09-09,Scotland,S92000003,223,22314,2499
2020-09-08,Scotland,S92000003,103,22091,2499
2020-09-07,Scotland,S92000003,167,21988,2496
2020-09-06,Scotland,S92000003,154,21821,2496
2020-09-05,Scotland,S92000003,137,21667,2496
2020-09-04,Scotland,S92000003,170,21530,2496
2020-09-03,Scotland,S92000003,202,21360,2496
2020-09-02,Scotland,S92000003,192,21158,2495
2020-09-01,Scotland,S92000003,199,20966,2494
2020-08-31,Scotland,S92000003,143,20767,2494
2020-08-30,Scotland,S92000003,102,20624,2494
2020-08-29,Scotland,S92000003,94,20522,2494
2020-08-28,Scotland,S92000003,105,20428,2494
2020-08-27,Scotland,S92000003,97,20323,2494
2020-08-26,Scotland,S92000003,98,20226,2494
2020-08-25,Scotland,S92000003,72,20128,2492
2020-08-24,Scotland,S92000003,59,20056,2492
2020-08-23,Scotland,S92000003,67,19997,2492
2020-08-22,Scotland,S92000003,51,19930,2492
2020-08-21,Scotland,S92000003,91,19879,2492
2020-08-20,Scotland,S92000003,141,19788,2492
2020-08-19,Scotland,S92000003,93,19647,2492
2020-08-18,Scotland,S92000003,78,19554,2491
2020-08-17,Scotland,S92000003,75,19476,2491
2020-08-16,Scotland,S92000003,33,19401,2491
2020-08-15,Scotland,S92000003,20,19368,2491
2020-08-14,Scotland,S92000003,50,19348,2491
2020-08-13,Scotland,S92000003,59,19298,2491
2020-08-12,Scotland,S92000003,49,19239,2491
2020-08-11,Scotland,S92000003,63,19190,2491
2020-08-10,Scotland,S92000003,59,19127,2491
2020-08-09,Scotland,S92000003,26,19068,2491
2020-08-08,Scotland,S92000003,27,19042,2491
2020-08-07,Scotland,S92000003,46,19015,2491
2020-08-06,Scotland,S92000003,65,18969,2491
2020-08-05,Scotland,S92000003,67,18904,2491
2020-08-04,Scotland,S92000003,58,18837,2491
2020-08-03,Scotland,S92000003,62,18779,2491
2020-08-02,Scotland,S92000003,19,18717,2491
2020-08-01,Scotland,S92000003,23,18698,2491
2020-07-31,Scotland,S92000003,21,18675,2491
2020-07-30,Scotland,S92000003,27,18654,2491
2020-07-29,Scotland,S92000003,28,18627,2491
2020-07-28,Scotland,S92000003,22,18599,2491
2020-07-27,Scotland,S92000003,13,18577,2491
2020-07-26,Scotland,S92000003,7,18564,2491
2020-07-25,Scotland,S92000003,3,18557,2491
2020-07-24,Scotland,S92000003,11,18554,2491
2020-07-23,Scotland,S92000003,23,18543,2491
2020-07-22,Scotland,S92000003,16,18520,2491
2020-07-21,Scotland,S92000003,19,18504,2491
2020-07-20,Scotland,S92000003,13,18485,2491
2020-07-19,Scotland,S92000003,17,18472,2491
2020-07-18,Scotland,S92000003,13,18455,2491
2020-07-17,Scotland,S92000003,8,18442,2491
2020-07-16,Scotland,S92000003,21,18434,2491
2020-07-15,Scotland,S92000003,16,18413,2490
2020-07-14,Scotland,S92000003,10,18397,2490
2020-07-13,Scotland,S92000003,17,18387,2490
2020-07-12,Scotland,S92000003,2,18370,2490
2020-07-11,Scotland,S92000003,9,18368,2490
2020-07-10,Scotland,S92000003,12,18359,2490
2020-07-09,Scotland,S92000003,8,18347,2490
2020-07-08,Scotland,S92000003,10,18339,2490
2020-07-07,Scotland,S92000003,11,18329,2489
2020-07-06,Scotland,S92000003,8,18318,2488
2020-07-05,Scotland,S92000003,2,18310,2488
2020-07-04,Scotland,S92000003,5,18308,2488
2020-07-03,Scotland,S92000003,6,18303,2488
2020-07-02,Scotland,S92000003,13,18297,2487
2020-07-01,Scotland,S92000003,11,18284,2486
2020-06-30,Scotland,S92000003,8,18273,2485
2020-06-29,Scotland,S92000003,14,18265,2482
2020-06-28,Scotland,S92000003,3,18251,2482
2020-06-27,Scotland,S92000003,4,18248,2482
2020-06-26,Scotland,S92000003,6,18244,2482
2020-06-25,Scotland,S92000003,19,18238,2482
2020-06-24,Scotland,S92000003,8,18219,2480
2020-06-23,Scotland,S92000003,20,18211,2476
2020-06-22,Scotland,S92000003,11,18191,2472
2020-06-21,Scotland,S92000003,9,18180,2472
2020-06-20,Scotland,S92000003,6,18171,2472
2020-06-19,Scotland,S92000003,23,18165,2470
2020-06-18,Scotland,S92000003,14,18142,2464
2020-06-17,Scotland,S92000003,33,18128,2462
2020-06-16,Scotland,S92000003,17,18095,2453
2020-06-15,Scotland,S92000003,21,18078,2448
2020-06-14,Scotland,S92000003,13,18057,2448
2020-06-13,Scotland,S92000003,23,18044,2447
2020-06-12,Scotland,S92000003,30,18021,2442
2020-06-11,Scotland,S92000003,21,17991,2439
2020-06-10,Scotland,S92000003,29,17970,2434
2020-06-09,Scotland,S92000003,27,17941,2422
2020-06-08,Scotland,S92000003,18,17914,2415
2020-06-07,Scotland,S92000003,17,17896,2415
2020-06-06,Scotland,S92000003,22,17879,2415
2020-06-05,Scotland,S92000003,24,17857,2409
2020-06-04,Scotland,S92000003,35,17833,2395
2020-06-03,Scotland,S92000003,35,17798,2386
2020-06-02,Scotland,S92000003,45,17763,2375
2020-06-01,Scotland,S92000003,38,17718,2363
2020-05-31,Scotland,S92000003,23,17680,2362
2020-05-30,Scotland,S92000003,40,17657,2353
2020-05-29,Scotland,S92000003,29,17617,2331
2020-05-28,Scotland,S92000003,55,17588,2316
2020-05-27,Scotland,S92000003,66,17533,2304
2020-05-26,Scotland,S92000003,77,17467,2291
2020-05-25,Scotland,S92000003,97,17390,2273
2020-05-24,Scotland,S92000003,54,17293,2270
2020-05-23,Scotland,S92000003,50,17239,2261
2020-05-22,Scotland,S92000003,92,17189,2245
2020-05-21,Scotland,S92000003,111,17097,2221
2020-05-20,Scotland,S92000003,121,16986,2184
2020-05-19,Scotland,S92000003,182,16865,2134
2020-05-18,Scotland,S92000003,140,16683,2105
2020-05-17,Scotland,S92000003,92,16543,2103
2020-05-16,Scotland,S92000003,103,16451,2094
2020-05-15,Scotland,S92000003,152,16348,2053
2020-05-14,Scotland,S92000003,212,16196,2007
2020-05-13,Scotland,S92000003,198,15984,1973
2020-05-12,Scotland,S92000003,230,15786,1912
2020-05-11,Scotland,S92000003,262,15556,1862
2020-05-10,Scotland,S92000003,150,15294,1857
2020-05-09,Scotland,S92000003,177,15144,1847
2020-05-08,Scotland,S92000003,254,14967,1811
2020-05-07,Scotland,S92000003,290,14713,1762
2020-05-06,Scotland,S92000003,306,14423,1703
2020-05-05,Scotland,S92000003,289,14117,1620
2020-05-04,Scotland,S92000003,330,13828,1576
2020-05-03,Scotland,S92000003,189,13498,1571
2020-05-02,Scotland,S92000003,217,13309,1559
2020-05-01,Scotland,S92000003,368,13092,1515
2020-04-30,Scotland,S92000003,335,12724,1475
2020-04-29,Scotland,S92000003,430,12389,1415
2020-04-28,Scotland,S92000003,380,11959,1332
2020-04-27,Scotland,S92000003,430,11579,1262
2020-04-26,Scotland,S92000003,172,11149,1249
2020-04-25,Scotland,S92000003,184,10977,1231
2020-04-24,Scotland,S92000003,305,10793,1184
2020-04-23,Scotland,S92000003,314,10488,1120
2020-04-22,Scotland,S92000003,340,10174,1062
2020-04-21,Scotland,S92000003,399,9834,985
2020-04-20,Scotland,S92000003,776,9435,915
2020-04-19,Scotland,S92000003,159,8659,903
2020-04-18,Scotland,S92000003,264,8500,893
2020-04-17,Scotland,S92000003,394,8236,837
2020-04-16,Scotland,S92000003,427,7842,779
2020-04-15,Scotland,S92000003,331,7415,699
2020-04-14,Scotland,S92000003,346,7084,615
2020-04-13,Scotland,S92000003,359,6738,575
2020-04-12,Scotland,S92000003,220,6379,566
2020-04-11,Scotland,S92000003,185,6159,542
2020-04-10,Scotland,S92000003,329,5974,495
2020-04-09,Scotland,S92000003,304,5645,447
2020-04-08,Scotland,S92000003,343,5341,366
2020-04-07,Scotland,S92000003,351,4998,296
2020-04-06,Scotland,S92000003,404,4647,222
2020-04-05,Scotland,S92000003,225,4243,220
2020-04-04,Scotland,S92000003,259,4018,218
2020-04-03,Scotland,S92000003,379,3759,172
2020-04-02,Scotland,S92000003,351,3380,126
2020-04-01,Scotland,S92000003,388,3029,97
2020-03-31,Scotland,S92000003,340,2641,69
2020-03-30,Scotland,S92000003,320,2301,47
2020-03-29,Scotland,S92000003,197,1981,41
2020-03-28,Scotland,S92000003,205,1784,40
2020-03-27,Scotland,S92000003,274,1579,33
2020-03-26,Scotland,S92000003,223,1305,25
2020-03-25,Scotland,S92000003,188,1082,22
2020-03-24,Scotland,S92000003,168,894,16
2020-03-23,Scotland,S92000003,138,726,14
2020-03-22,Scotland,S92000003,75,588,10
2020-03-21,Scotland,S92000003,66,513,7
2020-03-20,Scotland,S92000003,83,447,6
2020-03-19,Scotland,S92000003,49,364,6
2020-03-18,Scotland,S92000003,41,315,3
2020-03-17,Scotland,S92000003,43,274,2
2020-03-16,Scotland,S92000003,21,231,1
2020-03-15,Scotland,S92000003,12,210,1
2020-03-14,Scotland,S92000003,19,198,1
2020-03-13,Scotland,S92000003,48,179,
2020-03-12,Scotland,S92000003,38,131,
2020-03-11,Scotland,S92000003,26,93,
2020-03-10,Scotland,S92000003,21,67,
2020-03-09,Scotland,S92000003,16,46,
2020-03-08,Scotland,S92000003,3,30,
2020-03-07,Scotland,S92000003,6,27,
2020-03-06,Scotland,S92000003,6,21,
2020-03-05,Scotland,S92000003,2,15,
2020-03-04,Scotland,S92000003,6,13,
2020-03-03,Scotland,S92000003,3,7,
2020-03-02,Scotland,S92000003,1,4,
2020-03-01,Scotland,S92000003,2,3,
2020-02-29,Scotland,S92000003,0,1,
2020-02-28,Scotland,S92000003,1,1,
2021-05-14,Wales,W92000004,,,5558
2021-05-13,Wales,W92000004,1,212095,5558
2021-05-12,Wales,W92000004,18,212094,5557
2021-05-11,Wales,W92000004,59,212076,5557
2021-05-10,Wales,W92000004,41,212017,5556
2021-05-09,Wales,W92000004,30,211976,5552
2021-05-08,Wales,W92000004,31,211946,5552
2021-05-07,Wales,W92000004,39,211915,5552
2021-05-06,Wales,W92000004,64,211876,5552
2021-05-05,Wales,W92000004,45,211812,5551
2021-05-04,Wales,W92000004,56,211767,5551
2021-05-03,Wales,W92000004,27,211711,5550
2021-05-02,Wales,W92000004,27,211684,5550
2021-05-01,Wales,W92000004,32,211657,5550
2021-04-30,Wales,W92000004,34,211625,5550
2021-04-29,Wales,W92000004,55,211591,5550
2021-04-28,Wales,W92000004,48,211536,5548
2021-04-27,Wales,W92000004,60,211488,5548
2021-04-26,Wales,W92000004,56,211428,5548
2021-04-25,Wales,W92000004,32,211372,5546
2021-04-24,Wales,W92000004,38,211340,5543
2021-04-23,Wales,W92000004,48,211302,5543
2021-04-22,Wales,W92000004,55,211254,5543
2021-04-21,Wales,W92000004,63,211199,5542
2021-04-20,Wales,W92000004,57,211136,5542
2021-04-19,Wales,W92000004,74,211079,5540
2021-04-18,Wales,W92000004,54,211005,5538
2021-04-17,Wales,W92000004,38,210951,5535
2021-04-16,Wales,W92000004,60,210913,5535
2021-04-15,Wales,W92000004,72,210853,5535
2021-04-14,Wales,W92000004,79,210781,5533
2021-04-13,Wales,W92000004,63,210702,5533
2021-04-12,Wales,W92000004,107,210639,5531
2021-04-11,Wales,W92000004,54,210532,5531
2021-04-10,Wales,W92000004,51,210478,5528
2021-04-09,Wales,W92000004,72,210427,5528
2021-04-08,Wales,W92000004,90,210355,5527
2021-04-07,Wales,W92000004,105,210265,5521
2021-04-06,Wales,W92000004,105,210160,5521
2021-04-05,Wales,W92000004,72,210055,5519
2021-04-04,Wales,W92000004,76,209983,5511
2021-04-03,Wales,W92000004,58,209907,5511
2021-04-02,Wales,W92000004,63,209849,5509
2021-04-01,Wales,W92000004,94,209786,5509
2021-03-31,Wales,W92000004,108,209692,5507
2021-03-30,Wales,W92000004,137,209584,5506
2021-03-29,Wales,W92000004,123,209447,5506
2021-03-28,Wales,W92000004,103,209324,5505
2021-03-27,Wales,W92000004,87,209221,5505
2021-03-26,Wales,W92000004,152,209134,5498
2021-03-25,Wales,W92000004,199,208982,5495
2021-03-24,Wales,W92000004,190,208783,5491
2021-03-23,Wales,W92000004,163,208593,5488
2021-03-22,Wales,W92000004,198,208430,5488
2021-03-21,Wales,W92000004,139,208232,5488
2021-03-20,Wales,W92000004,152,208093,5482
2021-03-19,Wales,W92000004,177,207941,5476
2021-03-18,Wales,W92000004,219,207764,5467
2021-03-17,Wales,W92000004,183,207545,5463
2021-03-16,Wales,W92000004,183,207362,5455
2021-03-15,Wales,W92000004,196,207179,5454
2021-03-14,Wales,W92000004,158,206983,5452
2021-03-13,Wales,W92000004,190,206825,5442
2021-03-12,Wales,W92000004,206,206635,5436
2021-03-11,Wales,W92000004,228,206429,5424
2021-03-10,Wales,W92000004,202,206201,5412
2021-03-09,Wales,W92000004,165,205999,5406
2021-03-08,Wales,W92000004,258,205834,5403
2021-03-07,Wales,W92000004,146,205576,5403
2021-03-06,Wales,W92000004,169,205430,5385
2021-03-05,Wales,W92000004,131,205261,5378
2021-03-04,Wales,W92000004,199,205130,5366
2021-03-03,Wales,W92000004,209,204931,5356
2021-03-02,Wales,W92000004,237,204722,5344
2021-03-01,Wales,W92000004,244,204485,5343
2021-02-28,Wales,W92000004,207,204241,5340
2021-02-27,Wales,W92000004,139,204034,5316
2021-02-26,Wales,W92000004,202,203895,5300
2021-02-25,Wales,W92000004,225,203693,5284
2021-02-24,Wales,W92000004,264,203468,5263
2021-02-23,Wales,W92000004,288,203204,5250
2021-02-22,Wales,W92000004,336,202916,5246
2021-02-21,Wales,W92000004,273,202580,5237
2021-02-20,Wales,W92000004,267,202307,5221
2021-02-19,Wales,W92000004,310,202040,5205
2021-02-18,Wales,W92000004,343,201730,5189
2021-02-17,Wales,W92000004,373,201387,5175
2021-02-16,Wales,W92000004,442,201014,5145
2021-02-15,Wales,W92000004,453,200572,5137
2021-02-14,Wales,W92000004,289,200119,5121
2021-02-13,Wales,W92000004,282,199830,5106
2021-02-12,Wales,W92000004,407,199548,5084
2021-02-11,Wales,W92000004,377,199141,5059
2021-02-10,Wales,W92000004,450,198764,5032
2021-02-09,Wales,W92000004,464,198314,5011
2021-02-08,Wales,W92000004,492,197850,5001
2021-02-07,Wales,W92000004,284,197358,4989
2021-02-06,Wales,W92000004,359,197074,4961
2021-02-05,Wales,W92000004,501,196715,4912
2021-02-04,Wales,W92000004,501,196214,4867
2021-02-03,Wales,W92000004,583,195713,4832
2021-02-02,Wales,W92000004,599,195130,4782
2021-02-01,Wales,W92000004,612,194531,4775
2021-01-31,Wales,W92000004,460,193919,4754
2021-01-30,Wales,W92000004,486,193459,4720
2021-01-29,Wales,W92000004,598,192973,4695
2021-01-28,Wales,W92000004,658,192375,4666
2021-01-27,Wales,W92000004,704,191717,4610
2021-01-26,Wales,W92000004,731,191013,4561
2021-01-25,Wales,W92000004,846,190282,4553
2021-01-24,Wales,W92000004,396,189436,4530
2021-01-23,Wales,W92000004,541,189040,4486
2021-01-22,Wales,W92000004,772,188499,4459
2021-01-21,Wales,W92000004,909,187727,4392
2021-01-20,Wales,W92000004,971,186818,4346
2021-01-19,Wales,W92000004,1081,185847,4302
2021-01-18,Wales,W92000004,1397,184766,4294
2021-01-17,Wales,W92000004,825,183369,4274
2021-01-16,Wales,W92000004,1005,182544,4226
2021-01-15,Wales,W92000004,1212,181539,4171
2021-01-14,Wales,W92000004,1311,180327,4117
2021-01-13,Wales,W92000004,1463,179016,4063
2021-01-12,Wales,W92000004,1601,177553,3997
2021-01-11,Wales,W92000004,1735,175952,3981
2021-01-10,Wales,W92000004,1178,174217,3964
2021-01-09,Wales,W92000004,1142,173039,3919
2021-01-08,Wales,W92000004,1596,171897,3857
2021-01-07,Wales,W92000004,1663,170301,3801
2021-01-06,Wales,W92000004,1990,168638,3738
2021-01-05,Wales,W92000004,2383,166648,3662
2021-01-04,Wales,W92000004,2658,164265,3645
2021-01-03,Wales,W92000004,1809,161607,3620
2021-01-02,Wales,W92000004,2087,159798,3564
2021-01-01,Wales,W92000004,1211,157711,3494
2020-12-31,Wales,W92000004,2010,156500,3494
2020-12-30,Wales,W92000004,2699,154490,3429
2020-12-29,Wales,W92000004,3563,151791,3416
2020-12-28,Wales,W92000004,2356,148228,3383
2020-12-27,Wales,W92000004,2496,145872,3368
2020-12-26,Wales,W92000004,1893,143376,3298
2020-12-25,Wales,W92000004,643,141483,3263
2020-12-24,Wales,W92000004,1473,140840,3263
2020-12-23,Wales,W92000004,2443,139367,3200
2020-12-22,Wales,W92000004,2705,136924,3149
2020-12-21,Wales,W92000004,2744,134219,3125
2020-12-20,Wales,W92000004,2208,131475,3115
2020-12-19,Wales,W92000004,2170,129267,3046
2020-12-18,Wales,W92000004,2537,127097,3011
2020-12-17,Wales,W92000004,2776,124560,2973
2020-12-16,Wales,W92000004,3141,121784,2921
2020-12-15,Wales,W92000004,3181,118643,2891
2020-12-14,Wales,W92000004,3539,115462,2882
2020-12-13,Wales,W92000004,2734,111923,2849
2020-12-12,Wales,W92000004,2285,109189,2849
2020-12-11,Wales,W92000004,2812,106904,2818
2020-12-10,Wales,W92000004,2664,104092,2789
2020-12-09,Wales,W92000004,2692,101428,2756
2020-12-08,Wales,W92000004,2602,98736,2725
2020-12-07,Wales,W92000004,2511,96134,2711
2020-12-06,Wales,W92000004,1697,93623,2709
2020-12-05,Wales,W92000004,1533,91926,2695
2020-12-04,Wales,W92000004,1698,90393,2671
2020-12-03,Wales,W92000004,1806,88695,2638
2020-12-02,Wales,W92000004,1644,86889,2614
2020-12-01,Wales,W92000004,1611,85245,2563
2020-11-30,Wales,W92000004,1505,83634,2540
2020-11-29,Wales,W92000004,966,82129,2539
2020-11-28,Wales,W92000004,844,81163,2523
2020-11-27,Wales,W92000004,1035,80319,2494
2020-11-26,Wales,W92000004,1159,79284,2474
2020-11-25,Wales,W92000004,1337,78125,2446
2020-11-24,Wales,W92000004,1093,76788,2406
2020-11-23,Wales,W92000004,1031,75695,2385
2020-11-22,Wales,W92000004,717,74664,2376
2020-11-21,Wales,W92000004,680,73947,2365
2020-11-20,Wales,W92000004,936,73267,2338
2020-11-19,Wales,W92000004,920,72331,2307
2020-11-18,Wales,W92000004,987,71411,2284
2020-11-17,Wales,W92000004,1040,70424,2243
2020-11-16,Wales,W92000004,993,69384,2209
2020-11-15,Wales,W92000004,628,68391,2207
2020-11-14,Wales,W92000004,628,67763,2191
2020-11-13,Wales,W92000004,859,67135,2171
2020-11-12,Wales,W92000004,772,66276,2142
2020-11-11,Wales,W92000004,855,65504,2108
2020-11-10,Wales,W92000004,963,64649,2063
2020-11-09,Wales,W92000004,1011,63686,2041
2020-11-08,Wales,W92000004,696,62675,2033
2020-11-07,Wales,W92000004,605,61979,2014
2020-11-06,Wales,W92000004,877,61374,1982
2020-11-05,Wales,W92000004,1017,60497,1969
2020-11-04,Wales,W92000004,1094,59480,1939
2020-11-03,Wales,W92000004,1234,58386,1895
2020-11-02,Wales,W92000004,1410,57152,1891
2020-11-01,Wales,W92000004,948,55742,1888
2020-10-31,Wales,W92000004,879,54794,1872
2020-10-30,Wales,W92000004,1241,53915,1859
2020-10-29,Wales,W92000004,1583,52674,1848
2020-10-28,Wales,W92000004,1357,51091,1827
2020-10-27,Wales,W92000004,1478,49734,1790
2020-10-26,Wales,W92000004,1556,48256,1783
2020-10-25,Wales,W92000004,940,46700,1777
2020-10-24,Wales,W92000004,1025,45760,1772
2020-10-23,Wales,W92000004,1197,44735,1756
2020-10-22,Wales,W92000004,1056,43538,1743
2020-10-21,Wales,W92000004,1266,42482,1736
2020-10-20,Wales,W92000004,1237,41216,1722
2020-10-19,Wales,W92000004,1111,39979,1712
2020-10-18,Wales,W92000004,716,38868,1711
2020-10-17,Wales,W92000004,708,38152,1708
2020-10-16,Wales,W92000004,952,37444,1703
2020-10-15,Wales,W92000004,791,36492,1698
2020-10-14,Wales,W92000004,904,35701,1688
2020-10-13,Wales,W92000004,952,34797,1678
2020-10-12,Wales,W92000004,782,33845,1673
2020-10-11,Wales,W92000004,626,33063,1669
2020-10-10,Wales,W92000004,619,32437,1667
2020-10-09,Wales,W92000004,782,31818,1646
2020-10-08,Wales,W92000004,827,31036,1644
2020-10-07,Wales,W92000004,851,30209,1643
2020-10-06,Wales,W92000004,771,29358,1640
2020-10-05,Wales,W92000004,703,28587,1630
2020-10-04,Wales,W92000004,614,27884,1630
2020-10-03,Wales,W92000004,518,27270,1630
2020-10-02,Wales,W92000004,601,26752,1625
2020-10-01,Wales,W92000004,627,26151,1622
2020-09-30,Wales,W92000004,601,25524,1616
2020-09-29,Wales,W92000004,466,24923,1615
2020-09-28,Wales,W92000004,426,24457,1612
2020-09-27,Wales,W92000004,317,24031,1612
2020-09-26,Wales,W92000004,403,23714,1612
2020-09-25,Wales,W92000004,385,23311,1609
2020-09-24,Wales,W92000004,316,22926,1606
2020-09-23,Wales,W92000004,378,22610,1605
2020-09-22,Wales,W92000004,379,22232,1603
2020-09-21,Wales,W92000004,313,21853,1603
2020-09-20,Wales,W92000004,252,21540,1603
2020-09-19,Wales,W92000004,280,21288,1603
2020-09-18,Wales,W92000004,246,21008,1601
2020-09-17,Wales,W92000004,261,20762,1600
2020-09-16,Wales,W92000004,207,20501,1597
2020-09-15,Wales,W92000004,164,20294,1597
2020-09-14,Wales,W92000004,191,20130,1597
2020-09-13,Wales,W92000004,164,19939,1597
2020-09-12,Wales,W92000004,140,19775,1597
2020-09-11,Wales,W92000004,145,19635,1597
2020-09-10,Wales,W92000004,186,19490,1597
2020-09-09,Wales,W92000004,158,19304,1597
2020-09-08,Wales,W92000004,143,19146,1597
2020-09-07,Wales,W92000004,159,19003,1597
2020-09-06,Wales,W92000004,131,18844,1597
2020-09-05,Wales,W92000004,128,18713,1597
2020-09-04,Wales,W92000004,149,18585,1596
2020-09-03,Wales,W92000004,125,18436,1596
2020-09-02,Wales,W92000004,95,18311,1596
2020-09-01,Wales,W92000004,57,18216,1596
2020-08-31,Wales,W92000004,44,18159,1595
2020-08-30,Wales,W92000004,46,18115,1595
2020-08-29,Wales,W92000004,44,18069,1595
2020-08-28,Wales,W92000004,52,18025,1595
2020-08-27,Wales,W92000004,50,17973,1595
2020-08-26,Wales,W92000004,44,17923,1594
2020-08-25,Wales,W92000004,50,17879,1593
2020-08-24,Wales,W92000004,36,17829,1593
2020-08-23,Wales,W92000004,11,17793,1592
2020-08-22,Wales,W92000004,19,17782,1590
2020-08-21,Wales,W92000004,22,17763,1589
2020-08-20,Wales,W92000004,31,17741,1589
2020-08-19,Wales,W92000004,35,17710,1589
2020-08-18,Wales,W92000004,38,17675,1589
2020-08-17,Wales,W92000004,19,17637,1589
2020-08-16,Wales,W92000004,18,17618,1589
2020-08-15,Wales,W92000004,10,17600,1587
2020-08-14,Wales,W92000004,17,17590,1586
2020-08-13,Wales,W92000004,17,17573,1586
2020-08-12,Wales,W92000004,24,17556,1586
2020-08-11,Wales,W92000004,27,17532,1581
2020-08-10,Wales,W92000004,19,17505,1579
2020-08-09,Wales,W92000004,8,17486,1579
2020-08-08,Wales,W92000004,5,17478,1579
2020-08-07,Wales,W92000004,15,17473,1578
2020-08-06,Wales,W92000004,22,17458,1571
2020-08-05,Wales,W92000004,22,17436,1568
2020-08-04,Wales,W92000004,24,17414,1566
2020-08-03,Wales,W92000004,22,17390,1565
2020-08-02,Wales,W92000004,14,17368,1565
2020-08-01,Wales,W92000004,16,17354,1562
2020-07-31,Wales,W92000004,16,17338,1560
2020-07-30,Wales,W92000004,30,17322,1554
2020-07-29,Wales,W92000004,27,17292,1554
2020-07-28,Wales,W92000004,27,17265,1549
2020-07-27,Wales,W92000004,23,17238,1549
2020-07-26,Wales,W92000004,35,17215,1549
2020-07-25,Wales,W92000004,24,17180,1548
2020-07-24,Wales,W92000004,30,17156,1548
2020-07-23,Wales,W92000004,31,17126,1548
2020-07-22,Wales,W92000004,25,17095,1548
2020-07-21,Wales,W92000004,61,17070,1547
2020-07-20,Wales,W92000004,43,17009,1547
2020-07-19,Wales,W92000004,10,16966,1547
2020-07-18,Wales,W92000004,11,16956,1546
2020-07-17,Wales,W92000004,17,16945,1546
2020-07-16,Wales,W92000004,25,16928,1545
2020-07-15,Wales,W92000004,18,16903,1545
2020-07-14,Wales,W92000004,23,16885,1543
2020-07-13,Wales,W92000004,24,16862,1541
2020-07-12,Wales,W92000004,10,16838,1541
2020-07-11,Wales,W92000004,12,16828,1541
2020-07-10,Wales,W92000004,29,16816,1540
2020-07-09,Wales,W92000004,22,16787,1540
2020-07-08,Wales,W92000004,14,16765,1538
2020-07-07,Wales,W92000004,29,16751,1534
2020-07-06,Wales,W92000004,35,16722,1531
2020-07-05,Wales,W92000004,12,16687,1531
2020-07-04,Wales,W92000004,9,16675,1530
2020-07-03,Wales,W92000004,19,16666,1525
2020-07-02,Wales,W92000004,28,16647,1524
2020-07-01,Wales,W92000004,27,16619,1516
2020-06-30,Wales,W92000004,35,16592,1510
2020-06-29,Wales,W92000004,43,16557,1507
2020-06-28,Wales,W92000004,28,16514,1504
2020-06-27,Wales,W92000004,140,16486,1502
2020-06-26,Wales,W92000004,19,16346,1497
2020-06-25,Wales,W92000004,60,16327,1497
2020-06-24,Wales,W92000004,37,16267,1491
2020-06-23,Wales,W92000004,131,16230,1483
2020-06-22,Wales,W92000004,66,16099,1478
2020-06-21,Wales,W92000004,76,16033,1477
2020-06-20,Wales,W92000004,47,15957,1476
2020-06-19,Wales,W92000004,140,15910,1475
2020-06-18,Wales,W92000004,62,15770,1471
2020-06-17,Wales,W92000004,64,15708,1466
2020-06-16,Wales,W92000004,82,15644,1456
2020-06-15,Wales,W92000004,66,15562,1448
2020-06-14,Wales,W92000004,54,15496,1444
2020-06-13,Wales,W92000004,70,15442,1441
2020-06-12,Wales,W92000004,75,15372,1435
2020-06-11,Wales,W92000004,66,15297,1425
2020-06-10,Wales,W92000004,67,15231,1419
2020-06-09,Wales,W92000004,62,15164,1410
2020-06-08,Wales,W92000004,74,15102,1401
2020-06-07,Wales,W92000004,34,15028,1398
2020-06-06,Wales,W92000004,53,14994,1393
2020-06-05,Wales,W92000004,55,14941,1383
2020-06-04,Wales,W92000004,60,14886,1379
2020-06-03,Wales,W92000004,75,14826,1371
2020-06-02,Wales,W92000004,73,14751,1354
2020-06-01,Wales,W92000004,64,14678,1347
2020-05-31,Wales,W92000004,46,14614,1342
2020-05-30,Wales,W92000004,70,14568,1331
2020-05-29,Wales,W92000004,106,14498,1317
2020-05-28,Wales,W92000004,102,14392,1307
2020-05-27,Wales,W92000004,118,14290,1293
2020-05-26,Wales,W92000004,102,14172,1282
2020-05-25,Wales,W92000004,105,14070,1274
2020-05-24,Wales,W92000004,82,13965,1267
2020-05-23,Wales,W92000004,122,13883,1260
2020-05-22,Wales,W92000004,137,13761,1254
2020-05-21,Wales,W92000004,132,13624,1247
2020-05-20,Wales,W92000004,166,13492,1238
2020-05-19,Wales,W92000004,213,13326,1224
2020-05-18,Wales,W92000004,168,13113,1207
2020-05-17,Wales,W92000004,118,12945,1203
2020-05-16,Wales,W92000004,166,12827,1191
2020-05-15,Wales,W92000004,179,12661,1173
2020-05-14,Wales,W92000004,132,12482,1164
2020-05-13,Wales,W92000004,153,12350,1154
2020-05-12,Wales,W92000004,150,12197,1132
2020-05-11,Wales,W92000004,178,12047,1116
2020-05-10,Wales,W92000004,107,11869,1111
2020-05-09,Wales,W92000004,136,11762,1099
2020-05-08,Wales,W92000004,115,11626,1090
2020-05-07,Wales,W92000004,176,11511,1062
2020-05-06,Wales,W92000004,171,11335,1044
2020-05-05,Wales,W92000004,175,11164,1023
2020-05-04,Wales,W92000004,139,10989,997
2020-05-03,Wales,W92000004,105,10850,983
2020-05-02,Wales,W92000004,179,10745,969
2020-05-01,Wales,W92000004,176,10566,925
2020-04-30,Wales,W92000004,200,10390,908
2020-04-29,Wales,W92000004,176,10190,886
2020-04-28,Wales,W92000004,153,10014,813
2020-04-27,Wales,W92000004,172,9861,796
2020-04-26,Wales,W92000004,121,9689,788
2020-04-25,Wales,W92000004,136,9568,774
2020-04-24,Wales,W92000004,213,9432,751
2020-04-23,Wales,W92000004,201,9219,641
2020-04-22,Wales,W92000004,253,9018,624
2020-04-21,Wales,W92000004,259,8765,609
2020-04-20,Wales,W92000004,281,8506,584
2020-04-19,Wales,W92000004,181,8225,575
2020-04-18,Wales,W92000004,247,8044,534
2020-04-17,Wales,W92000004,324,7797,506
2020-04-16,Wales,W92000004,363,7473,495
2020-04-15,Wales,W92000004,361,7110,463
2020-04-14,Wales,W92000004,317,6749,403
2020-04-13,Wales,W92000004,273,6432,384
2020-04-12,Wales,W92000004,247,6159,369
2020-04-11,Wales,W92000004,247,5912,351
2020-04-10,Wales,W92000004,308,5665,315
2020-04-09,Wales,W92000004,391,5357,286
2020-04-08,Wales,W92000004,386,4966,245
2020-04-07,Wales,W92000004,386,4580,212
2020-04-06,Wales,W92000004,383,4194,193
2020-04-05,Wales,W92000004,223,3811,166
2020-04-04,Wales,W92000004,282,3588,154
2020-04-03,Wales,W92000004,330,3306,141
2020-04-02,Wales,W92000004,336,2976,117
2020-04-01,Wales,W92000004,327,2640,98
2020-03-31,Wales,W92000004,277,2313,69
2020-03-30,Wales,W92000004,343,2036,62
2020-03-29,Wales,W92000004,159,1693,48
2020-03-28,Wales,W92000004,167,1534,38
2020-03-27,Wales,W92000004,193,1367,34
2020-03-26,Wales,W92000004,177,1174,28
2020-03-25,Wales,W92000004,190,997,22
2020-03-24,Wales,W92000004,141,807,17
2020-03-23,Wales,W92000004,133,666,16
2020-03-22,Wales,W92000004,76,533,12
2020-03-21,Wales,W92000004,75,457,3
2020-03-20,Wales,W92000004,73,382,1
2020-03-19,Wales,W92000004,60,309,1
2020-03-18,Wales,W92000004,36,249,1
2020-03-17,Wales,W92000004,37,213,1
2020-03-16,Wales,W92000004,37,176,
2020-03-15,Wales,W92000004,32,139,
2020-03-14,Wales,W92000004,19,107,
2020-03-13,Wales,W92000004,28,88,
2020-03-12,Wales,W92000004,25,60,
2020-03-11,Wales,W92000004,15,35,
2020-03-10,Wales,W92000004,12,20,
2020-03-09,Wales,W92000004,3,8,
2020-03-08,Wales,W92000004,1,5,
2020-03-07,Wales,W92000004,2,4,
2020-03-06,Wales,W92000004,0,2,
2020-03-05,Wales,W92000004,0,2,
2020-03-04,Wales,W92000004,1,2,
2020-03-03,Wales,W92000004,0,1,
2020-03-02,Wales,W92000004,0,1,
2020-03-01,Wales,W92000004,0,1,
2020-02-29,Wales,W92000004,0,1,
2020-02-28,Wales,W92000004,0,1,
2020-02-27,Wales,W92000004,1,1,

